problem_id,model,test_id,passed,error
1,claude_sonnet_4_6,1,True,
1,claude_sonnet_4_6,2,True,
1,claude_sonnet_4_6,3,True,
1,claude_sonnet_4_6,4,True,
1,claude_sonnet_4_6,5,True,
1,claude_sonnet_4_6,6,True,
1,claude_sonnet_4_6,7,True,
1,claude_sonnet_4_6,8,True,
1,claude_sonnet_4_6,9,True,
1,claude_sonnet_4_6,10,True,
1,claude_sonnet_4_6,11,True,
1,claude_sonnet_4_6,12,True,
1,claude_sonnet_4_6,13,True,
1,claude_sonnet_4_6,14,True,
1,claude_sonnet_4_6,15,True,
1,claude_sonnet_4_6,16,True,
1,claude_sonnet_4_6,17,True,
1,claude_sonnet_4_6,18,True,
1,claude_sonnet_4_6,19,True,
1,claude_sonnet_4_6,20,True,
1,claude_sonnet_4_6,21,True,
1,claude_sonnet_4_6,22,True,
1,claude_sonnet_4_6,23,True,
1,claude_sonnet_4_6,24,True,
1,claude_sonnet_4_6,25,True,
1,claude_sonnet_4_6,26,True,
1,claude_sonnet_4_6,27,True,
1,claude_sonnet_4_6,28,True,
1,claude_sonnet_4_6,29,True,
1,claude_sonnet_4_6,30,True,
1,claude_sonnet_4_6,31,True,
1,claude_sonnet_4_6,32,True,
1,claude_sonnet_4_6,33,True,
1,claude_sonnet_4_6,34,True,
1,claude_sonnet_4_6,35,True,
1,claude_sonnet_4_6,36,True,
1,claude_sonnet_4_6,37,True,
1,claude_sonnet_4_6,38,True,
1,claude_sonnet_4_6,39,True,
1,claude_sonnet_4_6,40,True,
1,claude_sonnet_4_6,41,True,
1,claude_sonnet_4_6,42,True,
1,claude_sonnet_4_6,43,True,
1,claude_sonnet_4_6,44,True,
1,claude_sonnet_4_6,45,True,
1,claude_sonnet_4_6,46,True,
1,claude_sonnet_4_6,47,True,
1,claude_sonnet_4_6,48,True,
1,claude_sonnet_4_6,49,True,
1,claude_sonnet_4_6,50,True,
1,claude_sonnet_4_6,51,True,
1,claude_sonnet_4_6,52,True,
1,claude_sonnet_4_6,53,True,
1,claude_sonnet_4_6,54,True,
1,claude_sonnet_4_6,55,True,
1,claude_sonnet_4_6,56,True,
1,claude_sonnet_4_6,57,True,
1,claude_sonnet_4_6,58,True,
1,claude_sonnet_4_6,59,True,
1,claude_sonnet_4_6,60,True,
1,claude_sonnet_4_6,61,True,
1,claude_sonnet_4_6,62,True,
1,claude_sonnet_4_6,63,True,
1,claude_sonnet_4_6,64,True,
1,claude_sonnet_4_6,65,True,
1,claude_sonnet_4_6,66,True,
1,claude_sonnet_4_6,67,True,
1,claude_sonnet_4_6,68,True,
1,claude_sonnet_4_6,69,True,
1,claude_sonnet_4_6,70,True,
1,claude_sonnet_4_6,71,True,
1,claude_sonnet_4_6,72,True,
1,claude_sonnet_4_6,73,True,
1,claude_sonnet_4_6,74,True,
1,claude_sonnet_4_6,75,True,
1,claude_sonnet_4_6,76,True,
1,claude_sonnet_4_6,77,True,
1,claude_sonnet_4_6,78,True,
1,claude_sonnet_4_6,79,True,
1,claude_sonnet_4_6,80,True,
1,claude_sonnet_4_6,81,True,
1,claude_sonnet_4_6,82,True,
1,claude_sonnet_4_6,83,True,
1,claude_sonnet_4_6,84,True,
1,claude_sonnet_4_6,85,True,
1,claude_sonnet_4_6,86,True,
1,claude_sonnet_4_6,87,True,
1,claude_sonnet_4_6,88,True,
1,claude_sonnet_4_6,89,True,
1,claude_sonnet_4_6,90,True,
1,claude_sonnet_4_6,91,True,
1,claude_sonnet_4_6,92,True,
1,claude_sonnet_4_6,93,True,
1,claude_sonnet_4_6,94,True,
1,claude_sonnet_4_6,95,True,
1,claude_sonnet_4_6,96,True,
1,claude_sonnet_4_6,97,True,
1,claude_sonnet_4_6,98,True,
1,claude_sonnet_4_6,99,True,
1,claude_sonnet_4_6,100,True,
1,claude_sonnet_4_6,101,True,
1,claude_sonnet_4_6,102,True,
1,claude_sonnet_4_6,103,True,
1,claude_sonnet_4_6,104,True,
1,claude_sonnet_4_6,105,True,
1,claude_sonnet_4_6,106,True,
1,claude_sonnet_4_6,107,True,
1,claude_sonnet_4_6,108,True,
1,claude_sonnet_4_6,109,True,
1,claude_sonnet_4_6,110,True,
1,claude_sonnet_4_6,111,True,
1,claude_sonnet_4_6,112,True,
1,claude_sonnet_4_6,113,True,
1,claude_sonnet_4_6,114,True,
1,claude_sonnet_4_6,115,True,
2,claude_sonnet_4_6,1,True,
2,claude_sonnet_4_6,2,True,
2,claude_sonnet_4_6,3,True,
2,claude_sonnet_4_6,4,True,
2,claude_sonnet_4_6,5,True,
2,claude_sonnet_4_6,6,True,
2,claude_sonnet_4_6,7,True,
2,claude_sonnet_4_6,8,True,
2,claude_sonnet_4_6,9,True,
2,claude_sonnet_4_6,10,True,
2,claude_sonnet_4_6,11,True,
2,claude_sonnet_4_6,12,True,
2,claude_sonnet_4_6,13,True,
2,claude_sonnet_4_6,14,True,
2,claude_sonnet_4_6,15,True,
2,claude_sonnet_4_6,16,True,
2,claude_sonnet_4_6,17,True,
2,claude_sonnet_4_6,18,True,
2,claude_sonnet_4_6,19,True,
2,claude_sonnet_4_6,20,True,
3,claude_sonnet_4_6,1,True,
3,claude_sonnet_4_6,2,True,
3,claude_sonnet_4_6,3,True,
3,claude_sonnet_4_6,4,True,
3,claude_sonnet_4_6,5,True,
3,claude_sonnet_4_6,6,True,
3,claude_sonnet_4_6,7,True,
3,claude_sonnet_4_6,8,True,
3,claude_sonnet_4_6,9,True,
3,claude_sonnet_4_6,10,True,
3,claude_sonnet_4_6,11,True,
3,claude_sonnet_4_6,12,True,
3,claude_sonnet_4_6,13,True,
3,claude_sonnet_4_6,14,True,
3,claude_sonnet_4_6,15,True,
3,claude_sonnet_4_6,16,True,
3,claude_sonnet_4_6,17,True,
3,claude_sonnet_4_6,18,True,
3,claude_sonnet_4_6,19,True,
3,claude_sonnet_4_6,20,True,
3,claude_sonnet_4_6,21,True,
3,claude_sonnet_4_6,22,True,
3,claude_sonnet_4_6,23,True,
3,claude_sonnet_4_6,24,True,
3,claude_sonnet_4_6,25,True,
3,claude_sonnet_4_6,26,True,
3,claude_sonnet_4_6,27,True,
3,claude_sonnet_4_6,28,True,
3,claude_sonnet_4_6,29,True,
3,claude_sonnet_4_6,30,True,
3,claude_sonnet_4_6,31,True,
3,claude_sonnet_4_6,32,True,
3,claude_sonnet_4_6,33,True,
3,claude_sonnet_4_6,34,True,
3,claude_sonnet_4_6,35,True,
3,claude_sonnet_4_6,36,True,
3,claude_sonnet_4_6,37,True,
3,claude_sonnet_4_6,38,True,
3,claude_sonnet_4_6,39,True,
3,claude_sonnet_4_6,40,True,
3,claude_sonnet_4_6,41,True,
3,claude_sonnet_4_6,42,True,
3,claude_sonnet_4_6,43,True,
3,claude_sonnet_4_6,44,True,
3,claude_sonnet_4_6,45,True,
3,claude_sonnet_4_6,46,True,
3,claude_sonnet_4_6,47,True,
3,claude_sonnet_4_6,48,True,
3,claude_sonnet_4_6,49,True,
3,claude_sonnet_4_6,50,True,
3,claude_sonnet_4_6,51,True,
3,claude_sonnet_4_6,52,True,
3,claude_sonnet_4_6,53,True,
3,claude_sonnet_4_6,54,True,
3,claude_sonnet_4_6,55,True,
3,claude_sonnet_4_6,56,True,
3,claude_sonnet_4_6,57,True,
3,claude_sonnet_4_6,58,True,
3,claude_sonnet_4_6,59,True,
3,claude_sonnet_4_6,60,True,
3,claude_sonnet_4_6,61,True,
3,claude_sonnet_4_6,62,True,
3,claude_sonnet_4_6,63,True,
3,claude_sonnet_4_6,64,True,
3,claude_sonnet_4_6,65,True,
3,claude_sonnet_4_6,66,True,
3,claude_sonnet_4_6,67,True,
3,claude_sonnet_4_6,68,True,
3,claude_sonnet_4_6,69,True,
3,claude_sonnet_4_6,70,True,
3,claude_sonnet_4_6,71,True,
3,claude_sonnet_4_6,72,True,
3,claude_sonnet_4_6,73,True,
3,claude_sonnet_4_6,74,True,
3,claude_sonnet_4_6,75,True,
3,claude_sonnet_4_6,76,True,
3,claude_sonnet_4_6,77,True,
3,claude_sonnet_4_6,78,True,
3,claude_sonnet_4_6,79,True,
3,claude_sonnet_4_6,80,True,
3,claude_sonnet_4_6,81,True,
3,claude_sonnet_4_6,82,True,
3,claude_sonnet_4_6,83,True,
3,claude_sonnet_4_6,84,True,
3,claude_sonnet_4_6,85,True,
3,claude_sonnet_4_6,86,True,
3,claude_sonnet_4_6,87,True,
4,claude_sonnet_4_6,1,True,
4,claude_sonnet_4_6,2,True,
4,claude_sonnet_4_6,3,True,
4,claude_sonnet_4_6,4,True,
4,claude_sonnet_4_6,5,True,
4,claude_sonnet_4_6,6,True,
4,claude_sonnet_4_6,7,True,
4,claude_sonnet_4_6,8,True,
4,claude_sonnet_4_6,9,True,
4,claude_sonnet_4_6,10,True,
4,claude_sonnet_4_6,11,True,
4,claude_sonnet_4_6,12,True,
4,claude_sonnet_4_6,13,True,
4,claude_sonnet_4_6,14,True,
4,claude_sonnet_4_6,15,True,
4,claude_sonnet_4_6,16,True,
4,claude_sonnet_4_6,17,True,
4,claude_sonnet_4_6,18,True,
4,claude_sonnet_4_6,19,True,
4,claude_sonnet_4_6,20,True,
4,claude_sonnet_4_6,21,True,
4,claude_sonnet_4_6,22,True,
4,claude_sonnet_4_6,23,True,
4,claude_sonnet_4_6,24,True,
4,claude_sonnet_4_6,25,True,
4,claude_sonnet_4_6,26,True,
4,claude_sonnet_4_6,27,True,
4,claude_sonnet_4_6,28,True,
4,claude_sonnet_4_6,29,True,
4,claude_sonnet_4_6,30,True,
4,claude_sonnet_4_6,31,True,
4,claude_sonnet_4_6,32,True,
4,claude_sonnet_4_6,33,True,
4,claude_sonnet_4_6,34,True,
4,claude_sonnet_4_6,35,True,
4,claude_sonnet_4_6,36,True,
4,claude_sonnet_4_6,37,True,
4,claude_sonnet_4_6,38,True,
4,claude_sonnet_4_6,39,True,
4,claude_sonnet_4_6,40,True,
4,claude_sonnet_4_6,41,True,
4,claude_sonnet_4_6,42,True,
4,claude_sonnet_4_6,43,True,
4,claude_sonnet_4_6,44,True,
4,claude_sonnet_4_6,45,True,
4,claude_sonnet_4_6,46,True,
4,claude_sonnet_4_6,47,True,
4,claude_sonnet_4_6,48,True,
4,claude_sonnet_4_6,49,True,
4,claude_sonnet_4_6,50,True,
4,claude_sonnet_4_6,51,True,
4,claude_sonnet_4_6,52,True,
4,claude_sonnet_4_6,53,True,
4,claude_sonnet_4_6,54,True,
4,claude_sonnet_4_6,55,True,
4,claude_sonnet_4_6,56,True,
4,claude_sonnet_4_6,57,True,
4,claude_sonnet_4_6,58,True,
4,claude_sonnet_4_6,59,True,
4,claude_sonnet_4_6,60,True,
4,claude_sonnet_4_6,61,True,
4,claude_sonnet_4_6,62,True,
4,claude_sonnet_4_6,63,True,
4,claude_sonnet_4_6,64,True,
4,claude_sonnet_4_6,65,True,
4,claude_sonnet_4_6,66,True,
4,claude_sonnet_4_6,67,True,
4,claude_sonnet_4_6,68,True,
4,claude_sonnet_4_6,69,True,
5,claude_sonnet_4_6,1,True,
5,claude_sonnet_4_6,2,True,
5,claude_sonnet_4_6,3,True,
5,claude_sonnet_4_6,4,True,
5,claude_sonnet_4_6,5,True,
5,claude_sonnet_4_6,6,True,
5,claude_sonnet_4_6,7,True,
5,claude_sonnet_4_6,8,True,
5,claude_sonnet_4_6,9,True,
5,claude_sonnet_4_6,10,True,
5,claude_sonnet_4_6,11,True,
5,claude_sonnet_4_6,12,True,
5,claude_sonnet_4_6,13,True,
5,claude_sonnet_4_6,14,True,
5,claude_sonnet_4_6,15,True,
5,claude_sonnet_4_6,16,True,
5,claude_sonnet_4_6,17,True,
5,claude_sonnet_4_6,18,True,
5,claude_sonnet_4_6,19,True,
5,claude_sonnet_4_6,20,True,
5,claude_sonnet_4_6,21,True,
5,claude_sonnet_4_6,22,True,
5,claude_sonnet_4_6,23,True,
5,claude_sonnet_4_6,24,True,
5,claude_sonnet_4_6,25,True,
5,claude_sonnet_4_6,26,True,
5,claude_sonnet_4_6,27,True,
5,claude_sonnet_4_6,28,True,
5,claude_sonnet_4_6,29,True,
5,claude_sonnet_4_6,30,True,
5,claude_sonnet_4_6,31,True,
5,claude_sonnet_4_6,32,True,
5,claude_sonnet_4_6,33,True,
5,claude_sonnet_4_6,34,True,
5,claude_sonnet_4_6,35,True,
5,claude_sonnet_4_6,36,True,
5,claude_sonnet_4_6,37,True,
5,claude_sonnet_4_6,38,True,
5,claude_sonnet_4_6,39,True,
5,claude_sonnet_4_6,40,True,
5,claude_sonnet_4_6,41,True,
5,claude_sonnet_4_6,42,True,
5,claude_sonnet_4_6,43,True,
5,claude_sonnet_4_6,44,True,
5,claude_sonnet_4_6,45,True,
5,claude_sonnet_4_6,46,True,
5,claude_sonnet_4_6,47,True,
5,claude_sonnet_4_6,48,True,
5,claude_sonnet_4_6,49,True,
5,claude_sonnet_4_6,50,True,
5,claude_sonnet_4_6,51,True,
5,claude_sonnet_4_6,52,True,
5,claude_sonnet_4_6,53,True,
5,claude_sonnet_4_6,54,True,
5,claude_sonnet_4_6,55,True,
5,claude_sonnet_4_6,56,True,
5,claude_sonnet_4_6,57,True,
5,claude_sonnet_4_6,58,True,
5,claude_sonnet_4_6,59,True,
5,claude_sonnet_4_6,60,True,
5,claude_sonnet_4_6,61,True,
5,claude_sonnet_4_6,62,True,
5,claude_sonnet_4_6,63,True,
5,claude_sonnet_4_6,64,True,
5,claude_sonnet_4_6,65,True,
5,claude_sonnet_4_6,66,True,
5,claude_sonnet_4_6,67,True,
5,claude_sonnet_4_6,68,True,
5,claude_sonnet_4_6,69,True,
5,claude_sonnet_4_6,70,True,
5,claude_sonnet_4_6,71,True,
5,claude_sonnet_4_6,72,True,
5,claude_sonnet_4_6,73,True,
5,claude_sonnet_4_6,74,True,
5,claude_sonnet_4_6,75,True,
5,claude_sonnet_4_6,76,True,
5,claude_sonnet_4_6,77,True,
5,claude_sonnet_4_6,78,True,
5,claude_sonnet_4_6,79,True,
5,claude_sonnet_4_6,80,True,
5,claude_sonnet_4_6,81,True,
5,claude_sonnet_4_6,82,True,
5,claude_sonnet_4_6,83,True,
5,claude_sonnet_4_6,84,True,
5,claude_sonnet_4_6,85,True,
5,claude_sonnet_4_6,86,True,
5,claude_sonnet_4_6,87,True,
5,claude_sonnet_4_6,88,True,
5,claude_sonnet_4_6,89,True,
5,claude_sonnet_4_6,90,True,
5,claude_sonnet_4_6,91,True,
5,claude_sonnet_4_6,92,True,
5,claude_sonnet_4_6,93,True,
5,claude_sonnet_4_6,94,True,
5,claude_sonnet_4_6,95,True,
6,claude_sonnet_4_6,1,True,
6,claude_sonnet_4_6,2,True,
6,claude_sonnet_4_6,3,True,
6,claude_sonnet_4_6,4,True,
6,claude_sonnet_4_6,5,True,
6,claude_sonnet_4_6,6,True,
7,claude_sonnet_4_6,1,True,
7,claude_sonnet_4_6,2,True,
7,claude_sonnet_4_6,3,True,
7,claude_sonnet_4_6,4,True,
7,claude_sonnet_4_6,5,True,
7,claude_sonnet_4_6,6,True,
7,claude_sonnet_4_6,7,True,
7,claude_sonnet_4_6,8,True,
7,claude_sonnet_4_6,9,True,
7,claude_sonnet_4_6,10,True,
7,claude_sonnet_4_6,11,True,
7,claude_sonnet_4_6,12,True,
7,claude_sonnet_4_6,13,True,
7,claude_sonnet_4_6,14,True,
7,claude_sonnet_4_6,15,True,
7,claude_sonnet_4_6,16,True,
7,claude_sonnet_4_6,17,True,
7,claude_sonnet_4_6,18,True,
7,claude_sonnet_4_6,19,True,
7,claude_sonnet_4_6,20,True,
7,claude_sonnet_4_6,21,True,
7,claude_sonnet_4_6,22,True,
7,claude_sonnet_4_6,23,True,
7,claude_sonnet_4_6,24,True,
7,claude_sonnet_4_6,25,True,
7,claude_sonnet_4_6,26,True,
7,claude_sonnet_4_6,27,True,
7,claude_sonnet_4_6,28,True,
7,claude_sonnet_4_6,29,True,
7,claude_sonnet_4_6,30,True,
7,claude_sonnet_4_6,31,True,
7,claude_sonnet_4_6,32,True,
7,claude_sonnet_4_6,33,True,
7,claude_sonnet_4_6,34,True,
7,claude_sonnet_4_6,35,True,
7,claude_sonnet_4_6,36,True,
7,claude_sonnet_4_6,37,True,
7,claude_sonnet_4_6,38,True,
7,claude_sonnet_4_6,39,True,
7,claude_sonnet_4_6,40,True,
7,claude_sonnet_4_6,41,True,
7,claude_sonnet_4_6,42,True,
7,claude_sonnet_4_6,43,True,
7,claude_sonnet_4_6,44,True,
7,claude_sonnet_4_6,45,True,
7,claude_sonnet_4_6,46,True,
7,claude_sonnet_4_6,47,True,
7,claude_sonnet_4_6,48,True,
7,claude_sonnet_4_6,49,True,
7,claude_sonnet_4_6,50,True,
7,claude_sonnet_4_6,51,True,
7,claude_sonnet_4_6,52,True,
7,claude_sonnet_4_6,53,True,
7,claude_sonnet_4_6,54,True,
7,claude_sonnet_4_6,55,True,
7,claude_sonnet_4_6,56,True,
7,claude_sonnet_4_6,57,True,
7,claude_sonnet_4_6,58,True,
7,claude_sonnet_4_6,59,True,
7,claude_sonnet_4_6,60,True,
7,claude_sonnet_4_6,61,True,
7,claude_sonnet_4_6,62,True,
7,claude_sonnet_4_6,63,True,
7,claude_sonnet_4_6,64,True,
7,claude_sonnet_4_6,65,True,
7,claude_sonnet_4_6,66,True,
7,claude_sonnet_4_6,67,True,
7,claude_sonnet_4_6,68,True,
7,claude_sonnet_4_6,69,True,
7,claude_sonnet_4_6,70,True,
7,claude_sonnet_4_6,71,True,
7,claude_sonnet_4_6,72,True,
7,claude_sonnet_4_6,73,True,
7,claude_sonnet_4_6,74,True,
7,claude_sonnet_4_6,75,True,
7,claude_sonnet_4_6,76,True,
7,claude_sonnet_4_6,77,True,
7,claude_sonnet_4_6,78,True,
7,claude_sonnet_4_6,79,True,
7,claude_sonnet_4_6,80,True,
7,claude_sonnet_4_6,81,True,
7,claude_sonnet_4_6,82,True,
7,claude_sonnet_4_6,83,True,
7,claude_sonnet_4_6,84,True,
7,claude_sonnet_4_6,85,True,
7,claude_sonnet_4_6,86,True,
7,claude_sonnet_4_6,87,True,
7,claude_sonnet_4_6,88,True,
7,claude_sonnet_4_6,89,True,
7,claude_sonnet_4_6,90,True,
7,claude_sonnet_4_6,91,True,
7,claude_sonnet_4_6,92,True,
7,claude_sonnet_4_6,93,True,
7,claude_sonnet_4_6,94,True,
7,claude_sonnet_4_6,95,True,
7,claude_sonnet_4_6,96,True,
8,claude_sonnet_4_6,1,True,
8,claude_sonnet_4_6,2,True,
8,claude_sonnet_4_6,3,True,
8,claude_sonnet_4_6,4,True,
8,claude_sonnet_4_6,5,True,
8,claude_sonnet_4_6,6,True,
8,claude_sonnet_4_6,7,True,
8,claude_sonnet_4_6,8,True,
8,claude_sonnet_4_6,9,True,
8,claude_sonnet_4_6,10,True,
8,claude_sonnet_4_6,11,True,
8,claude_sonnet_4_6,12,True,
8,claude_sonnet_4_6,13,True,
8,claude_sonnet_4_6,14,True,
8,claude_sonnet_4_6,15,True,
8,claude_sonnet_4_6,16,True,
8,claude_sonnet_4_6,17,True,
8,claude_sonnet_4_6,18,True,
8,claude_sonnet_4_6,19,True,
8,claude_sonnet_4_6,20,True,
8,claude_sonnet_4_6,21,True,
8,claude_sonnet_4_6,22,True,
8,claude_sonnet_4_6,23,True,
8,claude_sonnet_4_6,24,True,
8,claude_sonnet_4_6,25,True,
8,claude_sonnet_4_6,26,True,
8,claude_sonnet_4_6,27,True,
8,claude_sonnet_4_6,28,True,
8,claude_sonnet_4_6,29,True,
8,claude_sonnet_4_6,30,True,
8,claude_sonnet_4_6,31,True,
8,claude_sonnet_4_6,32,True,
8,claude_sonnet_4_6,33,True,
8,claude_sonnet_4_6,34,True,
8,claude_sonnet_4_6,35,True,
8,claude_sonnet_4_6,36,True,
8,claude_sonnet_4_6,37,True,
8,claude_sonnet_4_6,38,True,
8,claude_sonnet_4_6,39,True,
8,claude_sonnet_4_6,40,True,
8,claude_sonnet_4_6,41,True,
8,claude_sonnet_4_6,42,True,
8,claude_sonnet_4_6,43,True,
8,claude_sonnet_4_6,44,True,
8,claude_sonnet_4_6,45,True,
8,claude_sonnet_4_6,46,True,
8,claude_sonnet_4_6,47,True,
8,claude_sonnet_4_6,48,True,
8,claude_sonnet_4_6,49,True,
8,claude_sonnet_4_6,50,True,
8,claude_sonnet_4_6,51,True,
8,claude_sonnet_4_6,52,True,
8,claude_sonnet_4_6,53,True,
8,claude_sonnet_4_6,54,True,
8,claude_sonnet_4_6,55,True,
8,claude_sonnet_4_6,56,True,
8,claude_sonnet_4_6,57,True,
8,claude_sonnet_4_6,58,True,
8,claude_sonnet_4_6,59,True,
8,claude_sonnet_4_6,60,True,
8,claude_sonnet_4_6,61,True,
8,claude_sonnet_4_6,62,True,
8,claude_sonnet_4_6,63,True,
8,claude_sonnet_4_6,64,True,
8,claude_sonnet_4_6,65,True,
8,claude_sonnet_4_6,66,True,
8,claude_sonnet_4_6,67,True,
8,claude_sonnet_4_6,68,True,
8,claude_sonnet_4_6,69,True,
8,claude_sonnet_4_6,70,True,
8,claude_sonnet_4_6,71,True,
8,claude_sonnet_4_6,72,True,
8,claude_sonnet_4_6,73,True,
8,claude_sonnet_4_6,74,True,
8,claude_sonnet_4_6,75,True,
8,claude_sonnet_4_6,76,True,
8,claude_sonnet_4_6,77,True,
8,claude_sonnet_4_6,78,True,
8,claude_sonnet_4_6,79,True,
8,claude_sonnet_4_6,80,True,
8,claude_sonnet_4_6,81,True,
8,claude_sonnet_4_6,82,True,
8,claude_sonnet_4_6,83,True,
8,claude_sonnet_4_6,84,True,
8,claude_sonnet_4_6,85,True,
8,claude_sonnet_4_6,86,True,
8,claude_sonnet_4_6,87,True,
8,claude_sonnet_4_6,88,True,
8,claude_sonnet_4_6,89,True,
8,claude_sonnet_4_6,90,True,
8,claude_sonnet_4_6,91,True,
8,claude_sonnet_4_6,92,True,
8,claude_sonnet_4_6,93,True,
9,claude_sonnet_4_6,1,True,
9,claude_sonnet_4_6,2,True,
9,claude_sonnet_4_6,3,True,
9,claude_sonnet_4_6,4,True,
9,claude_sonnet_4_6,5,True,
9,claude_sonnet_4_6,6,True,
9,claude_sonnet_4_6,7,True,
9,claude_sonnet_4_6,8,True,
9,claude_sonnet_4_6,9,True,
9,claude_sonnet_4_6,10,True,
9,claude_sonnet_4_6,11,True,
9,claude_sonnet_4_6,12,True,
9,claude_sonnet_4_6,13,True,
9,claude_sonnet_4_6,14,True,
9,claude_sonnet_4_6,15,True,
9,claude_sonnet_4_6,16,True,
9,claude_sonnet_4_6,17,True,
9,claude_sonnet_4_6,18,True,
9,claude_sonnet_4_6,19,True,
9,claude_sonnet_4_6,20,True,
9,claude_sonnet_4_6,21,True,
9,claude_sonnet_4_6,22,True,
9,claude_sonnet_4_6,23,True,
9,claude_sonnet_4_6,24,True,
9,claude_sonnet_4_6,25,True,
9,claude_sonnet_4_6,26,True,
9,claude_sonnet_4_6,27,True,
9,claude_sonnet_4_6,28,True,
9,claude_sonnet_4_6,29,True,
9,claude_sonnet_4_6,30,True,
9,claude_sonnet_4_6,31,True,
9,claude_sonnet_4_6,32,True,
9,claude_sonnet_4_6,33,True,
9,claude_sonnet_4_6,34,True,
9,claude_sonnet_4_6,35,True,
9,claude_sonnet_4_6,36,True,
9,claude_sonnet_4_6,37,True,
9,claude_sonnet_4_6,38,True,
9,claude_sonnet_4_6,39,True,
9,claude_sonnet_4_6,40,True,
9,claude_sonnet_4_6,41,True,
9,claude_sonnet_4_6,42,True,
9,claude_sonnet_4_6,43,True,
9,claude_sonnet_4_6,44,True,
9,claude_sonnet_4_6,45,True,
9,claude_sonnet_4_6,46,True,
9,claude_sonnet_4_6,47,True,
9,claude_sonnet_4_6,48,True,
9,claude_sonnet_4_6,49,True,
9,claude_sonnet_4_6,50,True,
9,claude_sonnet_4_6,51,True,
9,claude_sonnet_4_6,52,True,
9,claude_sonnet_4_6,53,True,
9,claude_sonnet_4_6,54,True,
9,claude_sonnet_4_6,55,True,
9,claude_sonnet_4_6,56,True,
9,claude_sonnet_4_6,57,True,
9,claude_sonnet_4_6,58,True,
9,claude_sonnet_4_6,59,True,
9,claude_sonnet_4_6,60,True,
9,claude_sonnet_4_6,61,True,
9,claude_sonnet_4_6,62,True,
9,claude_sonnet_4_6,63,True,
9,claude_sonnet_4_6,64,True,
9,claude_sonnet_4_6,65,True,
9,claude_sonnet_4_6,66,True,
9,claude_sonnet_4_6,67,True,
9,claude_sonnet_4_6,68,True,
9,claude_sonnet_4_6,69,True,
9,claude_sonnet_4_6,70,True,
9,claude_sonnet_4_6,71,True,
9,claude_sonnet_4_6,72,True,
9,claude_sonnet_4_6,73,True,
9,claude_sonnet_4_6,74,True,
9,claude_sonnet_4_6,75,True,
10,claude_sonnet_4_6,1,True,
10,claude_sonnet_4_6,2,True,
10,claude_sonnet_4_6,3,True,
10,claude_sonnet_4_6,4,True,
10,claude_sonnet_4_6,5,True,
10,claude_sonnet_4_6,6,True,
10,claude_sonnet_4_6,7,True,
10,claude_sonnet_4_6,8,True,
10,claude_sonnet_4_6,9,True,
10,claude_sonnet_4_6,10,True,
10,claude_sonnet_4_6,11,True,
10,claude_sonnet_4_6,12,True,
10,claude_sonnet_4_6,13,True,
10,claude_sonnet_4_6,14,True,
10,claude_sonnet_4_6,15,True,
10,claude_sonnet_4_6,16,True,
10,claude_sonnet_4_6,17,True,
10,claude_sonnet_4_6,18,True,
10,claude_sonnet_4_6,19,True,
10,claude_sonnet_4_6,20,True,
10,claude_sonnet_4_6,21,True,
10,claude_sonnet_4_6,22,True,
10,claude_sonnet_4_6,23,True,
10,claude_sonnet_4_6,24,True,
10,claude_sonnet_4_6,25,True,
10,claude_sonnet_4_6,26,True,
10,claude_sonnet_4_6,27,True,
10,claude_sonnet_4_6,28,True,
10,claude_sonnet_4_6,29,True,
10,claude_sonnet_4_6,30,True,
10,claude_sonnet_4_6,31,True,
10,claude_sonnet_4_6,32,True,
10,claude_sonnet_4_6,33,True,
10,claude_sonnet_4_6,34,True,
10,claude_sonnet_4_6,35,True,
10,claude_sonnet_4_6,36,True,
10,claude_sonnet_4_6,37,True,
10,claude_sonnet_4_6,38,True,
10,claude_sonnet_4_6,39,True,
10,claude_sonnet_4_6,40,True,
10,claude_sonnet_4_6,41,True,
10,claude_sonnet_4_6,42,True,
10,claude_sonnet_4_6,43,True,
10,claude_sonnet_4_6,44,True,
10,claude_sonnet_4_6,45,True,
10,claude_sonnet_4_6,46,True,
10,claude_sonnet_4_6,47,True,
10,claude_sonnet_4_6,48,True,
10,claude_sonnet_4_6,49,True,
10,claude_sonnet_4_6,50,True,
10,claude_sonnet_4_6,51,True,
10,claude_sonnet_4_6,52,True,
10,claude_sonnet_4_6,53,True,
10,claude_sonnet_4_6,54,True,
10,claude_sonnet_4_6,55,True,
10,claude_sonnet_4_6,56,True,
10,claude_sonnet_4_6,57,True,
10,claude_sonnet_4_6,58,True,
10,claude_sonnet_4_6,59,True,
10,claude_sonnet_4_6,60,True,
10,claude_sonnet_4_6,61,True,
10,claude_sonnet_4_6,62,True,
10,claude_sonnet_4_6,63,True,
10,claude_sonnet_4_6,64,True,
10,claude_sonnet_4_6,65,True,
10,claude_sonnet_4_6,66,True,
10,claude_sonnet_4_6,67,True,
10,claude_sonnet_4_6,68,True,
10,claude_sonnet_4_6,69,True,
10,claude_sonnet_4_6,70,True,
10,claude_sonnet_4_6,71,True,
10,claude_sonnet_4_6,72,True,
10,claude_sonnet_4_6,73,True,
10,claude_sonnet_4_6,74,True,
10,claude_sonnet_4_6,75,True,
10,claude_sonnet_4_6,76,True,
10,claude_sonnet_4_6,77,True,
10,claude_sonnet_4_6,78,True,
10,claude_sonnet_4_6,79,True,
10,claude_sonnet_4_6,80,True,
10,claude_sonnet_4_6,81,True,
10,claude_sonnet_4_6,82,True,
10,claude_sonnet_4_6,83,True,
10,claude_sonnet_4_6,84,True,
10,claude_sonnet_4_6,85,True,
10,claude_sonnet_4_6,86,True,
10,claude_sonnet_4_6,87,True,
10,claude_sonnet_4_6,88,True,
10,claude_sonnet_4_6,89,True,
10,claude_sonnet_4_6,90,True,
10,claude_sonnet_4_6,91,True,
10,claude_sonnet_4_6,92,True,
10,claude_sonnet_4_6,93,True,
10,claude_sonnet_4_6,94,True,
10,claude_sonnet_4_6,95,True,
10,claude_sonnet_4_6,96,True,
10,claude_sonnet_4_6,97,True,
10,claude_sonnet_4_6,98,True,
10,claude_sonnet_4_6,99,True,
10,claude_sonnet_4_6,100,True,
10,claude_sonnet_4_6,101,True,
10,claude_sonnet_4_6,102,True,
10,claude_sonnet_4_6,103,True,
10,claude_sonnet_4_6,104,True,
10,claude_sonnet_4_6,105,True,
10,claude_sonnet_4_6,106,True,
10,claude_sonnet_4_6,107,True,
10,claude_sonnet_4_6,108,True,
10,claude_sonnet_4_6,109,True,
10,claude_sonnet_4_6,110,True,
10,claude_sonnet_4_6,111,True,
10,claude_sonnet_4_6,112,True,
10,claude_sonnet_4_6,113,True,
10,claude_sonnet_4_6,114,True,
10,claude_sonnet_4_6,115,True,
10,claude_sonnet_4_6,116,True,
10,claude_sonnet_4_6,117,True,
10,claude_sonnet_4_6,118,True,
10,claude_sonnet_4_6,119,True,
10,claude_sonnet_4_6,120,True,
10,claude_sonnet_4_6,121,True,
10,claude_sonnet_4_6,122,True,
10,claude_sonnet_4_6,123,True,
10,claude_sonnet_4_6,124,True,
10,claude_sonnet_4_6,125,True,
10,claude_sonnet_4_6,126,True,
10,claude_sonnet_4_6,127,True,
10,claude_sonnet_4_6,128,True,
10,claude_sonnet_4_6,129,True,
10,claude_sonnet_4_6,130,True,
10,claude_sonnet_4_6,131,True,
10,claude_sonnet_4_6,132,True,
10,claude_sonnet_4_6,133,True,
10,claude_sonnet_4_6,134,True,
10,claude_sonnet_4_6,135,True,
10,claude_sonnet_4_6,136,True,
10,claude_sonnet_4_6,137,True,
10,claude_sonnet_4_6,138,True,
10,claude_sonnet_4_6,139,True,
10,claude_sonnet_4_6,140,True,
10,claude_sonnet_4_6,141,True,
10,claude_sonnet_4_6,142,True,
10,claude_sonnet_4_6,143,True,
10,claude_sonnet_4_6,144,True,
10,claude_sonnet_4_6,145,True,
10,claude_sonnet_4_6,146,True,
10,claude_sonnet_4_6,147,True,
10,claude_sonnet_4_6,148,True,
10,claude_sonnet_4_6,149,True,
10,claude_sonnet_4_6,150,True,
10,claude_sonnet_4_6,151,True,
10,claude_sonnet_4_6,152,True,
10,claude_sonnet_4_6,153,True,
10,claude_sonnet_4_6,154,True,
10,claude_sonnet_4_6,155,True,
10,claude_sonnet_4_6,156,True,
10,claude_sonnet_4_6,157,True,
10,claude_sonnet_4_6,158,True,
10,claude_sonnet_4_6,159,True,
10,claude_sonnet_4_6,160,True,
10,claude_sonnet_4_6,161,True,
10,claude_sonnet_4_6,162,True,
10,claude_sonnet_4_6,163,True,
10,claude_sonnet_4_6,164,True,
10,claude_sonnet_4_6,165,True,
10,claude_sonnet_4_6,166,True,
10,claude_sonnet_4_6,167,True,
10,claude_sonnet_4_6,168,True,
10,claude_sonnet_4_6,169,True,
10,claude_sonnet_4_6,170,True,
10,claude_sonnet_4_6,171,True,
10,claude_sonnet_4_6,172,True,
10,claude_sonnet_4_6,173,True,
10,claude_sonnet_4_6,174,True,
10,claude_sonnet_4_6,175,True,
10,claude_sonnet_4_6,176,True,
10,claude_sonnet_4_6,177,True,
10,claude_sonnet_4_6,178,True,
10,claude_sonnet_4_6,179,True,
10,claude_sonnet_4_6,180,True,
10,claude_sonnet_4_6,181,True,
10,claude_sonnet_4_6,182,True,
10,claude_sonnet_4_6,183,True,
10,claude_sonnet_4_6,184,True,
10,claude_sonnet_4_6,185,True,
11,claude_sonnet_4_6,1,True,
11,claude_sonnet_4_6,2,True,
11,claude_sonnet_4_6,3,True,
11,claude_sonnet_4_6,4,True,
11,claude_sonnet_4_6,5,True,
11,claude_sonnet_4_6,6,True,
11,claude_sonnet_4_6,7,True,
11,claude_sonnet_4_6,8,True,
11,claude_sonnet_4_6,9,True,
11,claude_sonnet_4_6,10,True,
11,claude_sonnet_4_6,11,True,
11,claude_sonnet_4_6,12,True,
11,claude_sonnet_4_6,13,True,
11,claude_sonnet_4_6,14,True,
11,claude_sonnet_4_6,15,True,
11,claude_sonnet_4_6,16,True,
11,claude_sonnet_4_6,17,True,
11,claude_sonnet_4_6,18,True,
11,claude_sonnet_4_6,19,True,
11,claude_sonnet_4_6,20,True,
11,claude_sonnet_4_6,21,True,
11,claude_sonnet_4_6,22,True,
11,claude_sonnet_4_6,23,True,
11,claude_sonnet_4_6,24,True,
11,claude_sonnet_4_6,25,True,
11,claude_sonnet_4_6,26,True,
11,claude_sonnet_4_6,27,True,
11,claude_sonnet_4_6,28,True,
11,claude_sonnet_4_6,29,True,
11,claude_sonnet_4_6,30,True,
11,claude_sonnet_4_6,31,True,
11,claude_sonnet_4_6,32,True,
11,claude_sonnet_4_6,33,True,
11,claude_sonnet_4_6,34,True,
11,claude_sonnet_4_6,35,True,
11,claude_sonnet_4_6,36,True,
11,claude_sonnet_4_6,37,True,
11,claude_sonnet_4_6,38,True,
11,claude_sonnet_4_6,39,True,
11,claude_sonnet_4_6,40,True,
11,claude_sonnet_4_6,41,True,
11,claude_sonnet_4_6,42,True,
11,claude_sonnet_4_6,43,True,
11,claude_sonnet_4_6,44,True,
11,claude_sonnet_4_6,45,True,
11,claude_sonnet_4_6,46,True,
11,claude_sonnet_4_6,47,True,
11,claude_sonnet_4_6,48,True,
11,claude_sonnet_4_6,49,True,
11,claude_sonnet_4_6,50,True,
11,claude_sonnet_4_6,51,True,
11,claude_sonnet_4_6,52,True,
11,claude_sonnet_4_6,53,True,
11,claude_sonnet_4_6,54,True,
11,claude_sonnet_4_6,55,True,
11,claude_sonnet_4_6,56,True,
11,claude_sonnet_4_6,57,True,
11,claude_sonnet_4_6,58,True,
11,claude_sonnet_4_6,59,True,
11,claude_sonnet_4_6,60,True,
11,claude_sonnet_4_6,61,True,
11,claude_sonnet_4_6,62,True,
11,claude_sonnet_4_6,63,True,
11,claude_sonnet_4_6,64,True,
11,claude_sonnet_4_6,65,True,
11,claude_sonnet_4_6,66,True,
11,claude_sonnet_4_6,67,True,
11,claude_sonnet_4_6,68,True,
11,claude_sonnet_4_6,69,True,
11,claude_sonnet_4_6,70,True,
11,claude_sonnet_4_6,71,True,
11,claude_sonnet_4_6,72,True,
11,claude_sonnet_4_6,73,True,
11,claude_sonnet_4_6,74,True,
11,claude_sonnet_4_6,75,True,
11,claude_sonnet_4_6,76,True,
11,claude_sonnet_4_6,77,True,
11,claude_sonnet_4_6,78,True,
11,claude_sonnet_4_6,79,True,
11,claude_sonnet_4_6,80,True,
11,claude_sonnet_4_6,81,True,
11,claude_sonnet_4_6,82,True,
11,claude_sonnet_4_6,83,True,
11,claude_sonnet_4_6,84,True,
11,claude_sonnet_4_6,85,True,
11,claude_sonnet_4_6,86,True,
11,claude_sonnet_4_6,87,True,
11,claude_sonnet_4_6,88,True,
11,claude_sonnet_4_6,89,True,
11,claude_sonnet_4_6,90,True,
11,claude_sonnet_4_6,91,True,
11,claude_sonnet_4_6,92,True,
11,claude_sonnet_4_6,93,True,
11,claude_sonnet_4_6,94,True,
11,claude_sonnet_4_6,95,True,
11,claude_sonnet_4_6,96,True,
11,claude_sonnet_4_6,97,True,
11,claude_sonnet_4_6,98,True,
11,claude_sonnet_4_6,99,True,
11,claude_sonnet_4_6,100,True,
11,claude_sonnet_4_6,101,True,
11,claude_sonnet_4_6,102,True,
11,claude_sonnet_4_6,103,True,
11,claude_sonnet_4_6,104,True,
11,claude_sonnet_4_6,105,True,
11,claude_sonnet_4_6,106,True,
11,claude_sonnet_4_6,107,True,
11,claude_sonnet_4_6,108,True,
11,claude_sonnet_4_6,109,True,
11,claude_sonnet_4_6,110,True,
11,claude_sonnet_4_6,111,True,
11,claude_sonnet_4_6,112,True,
11,claude_sonnet_4_6,113,True,
11,claude_sonnet_4_6,114,True,
11,claude_sonnet_4_6,115,True,
11,claude_sonnet_4_6,116,True,
11,claude_sonnet_4_6,117,True,
11,claude_sonnet_4_6,118,True,
11,claude_sonnet_4_6,119,True,
11,claude_sonnet_4_6,120,True,
11,claude_sonnet_4_6,121,True,
11,claude_sonnet_4_6,122,True,
11,claude_sonnet_4_6,123,True,
11,claude_sonnet_4_6,124,True,
11,claude_sonnet_4_6,125,True,
11,claude_sonnet_4_6,126,True,
11,claude_sonnet_4_6,127,True,
11,claude_sonnet_4_6,128,True,
11,claude_sonnet_4_6,129,True,
11,claude_sonnet_4_6,130,True,
11,claude_sonnet_4_6,131,True,
11,claude_sonnet_4_6,132,True,
11,claude_sonnet_4_6,133,True,
11,claude_sonnet_4_6,134,True,
11,claude_sonnet_4_6,135,True,
11,claude_sonnet_4_6,136,True,
11,claude_sonnet_4_6,137,True,
11,claude_sonnet_4_6,138,True,
11,claude_sonnet_4_6,139,True,
11,claude_sonnet_4_6,140,True,
11,claude_sonnet_4_6,141,True,
11,claude_sonnet_4_6,142,True,
11,claude_sonnet_4_6,143,True,
11,claude_sonnet_4_6,144,True,
11,claude_sonnet_4_6,145,True,
11,claude_sonnet_4_6,146,True,
11,claude_sonnet_4_6,147,True,
11,claude_sonnet_4_6,148,True,
11,claude_sonnet_4_6,149,True,
11,claude_sonnet_4_6,150,True,
11,claude_sonnet_4_6,151,True,
11,claude_sonnet_4_6,152,True,
11,claude_sonnet_4_6,153,True,
11,claude_sonnet_4_6,154,True,
11,claude_sonnet_4_6,155,True,
11,claude_sonnet_4_6,156,True,
11,claude_sonnet_4_6,157,True,
11,claude_sonnet_4_6,158,True,
11,claude_sonnet_4_6,159,True,
11,claude_sonnet_4_6,160,True,
11,claude_sonnet_4_6,161,True,
11,claude_sonnet_4_6,162,True,
11,claude_sonnet_4_6,163,True,
11,claude_sonnet_4_6,164,True,
11,claude_sonnet_4_6,165,True,
11,claude_sonnet_4_6,166,True,
11,claude_sonnet_4_6,167,True,
11,claude_sonnet_4_6,168,True,
11,claude_sonnet_4_6,169,True,
11,claude_sonnet_4_6,170,True,
11,claude_sonnet_4_6,171,True,
11,claude_sonnet_4_6,172,True,
11,claude_sonnet_4_6,173,True,
11,claude_sonnet_4_6,174,True,
11,claude_sonnet_4_6,175,True,
11,claude_sonnet_4_6,176,True,
11,claude_sonnet_4_6,177,True,
11,claude_sonnet_4_6,178,True,
11,claude_sonnet_4_6,179,True,
11,claude_sonnet_4_6,180,True,
11,claude_sonnet_4_6,181,True,
11,claude_sonnet_4_6,182,True,
11,claude_sonnet_4_6,183,True,
12,claude_sonnet_4_6,1,True,
12,claude_sonnet_4_6,2,True,
12,claude_sonnet_4_6,3,True,
12,claude_sonnet_4_6,4,True,
12,claude_sonnet_4_6,5,True,
12,claude_sonnet_4_6,6,True,
12,claude_sonnet_4_6,7,True,
12,claude_sonnet_4_6,8,True,
12,claude_sonnet_4_6,9,True,
12,claude_sonnet_4_6,10,True,
12,claude_sonnet_4_6,11,True,
12,claude_sonnet_4_6,12,True,
12,claude_sonnet_4_6,13,True,
12,claude_sonnet_4_6,14,True,
12,claude_sonnet_4_6,15,True,
12,claude_sonnet_4_6,16,True,
12,claude_sonnet_4_6,17,True,
12,claude_sonnet_4_6,18,True,
12,claude_sonnet_4_6,19,True,
12,claude_sonnet_4_6,20,True,
12,claude_sonnet_4_6,21,True,
13,claude_sonnet_4_6,1,True,
13,claude_sonnet_4_6,2,True,
13,claude_sonnet_4_6,3,True,
13,claude_sonnet_4_6,4,True,
13,claude_sonnet_4_6,5,True,
13,claude_sonnet_4_6,6,True,
13,claude_sonnet_4_6,7,True,
13,claude_sonnet_4_6,8,True,
13,claude_sonnet_4_6,9,True,
13,claude_sonnet_4_6,10,True,
13,claude_sonnet_4_6,11,True,
13,claude_sonnet_4_6,12,True,
13,claude_sonnet_4_6,13,True,
13,claude_sonnet_4_6,14,True,
13,claude_sonnet_4_6,15,True,
13,claude_sonnet_4_6,16,True,
13,claude_sonnet_4_6,17,True,
13,claude_sonnet_4_6,18,True,
13,claude_sonnet_4_6,19,True,
13,claude_sonnet_4_6,20,True,
13,claude_sonnet_4_6,21,True,
13,claude_sonnet_4_6,22,True,
13,claude_sonnet_4_6,23,True,
13,claude_sonnet_4_6,24,True,
13,claude_sonnet_4_6,25,True,
13,claude_sonnet_4_6,26,True,
13,claude_sonnet_4_6,27,True,
13,claude_sonnet_4_6,28,True,
13,claude_sonnet_4_6,29,True,
13,claude_sonnet_4_6,30,True,
13,claude_sonnet_4_6,31,True,
13,claude_sonnet_4_6,32,True,
13,claude_sonnet_4_6,33,True,
13,claude_sonnet_4_6,34,True,
13,claude_sonnet_4_6,35,True,
13,claude_sonnet_4_6,36,True,
13,claude_sonnet_4_6,37,True,
13,claude_sonnet_4_6,38,True,
13,claude_sonnet_4_6,39,True,
13,claude_sonnet_4_6,40,True,
13,claude_sonnet_4_6,41,True,
13,claude_sonnet_4_6,42,True,
13,claude_sonnet_4_6,43,True,
13,claude_sonnet_4_6,44,True,
13,claude_sonnet_4_6,45,True,
13,claude_sonnet_4_6,46,True,
13,claude_sonnet_4_6,47,True,
13,claude_sonnet_4_6,48,True,
13,claude_sonnet_4_6,49,True,
13,claude_sonnet_4_6,50,True,
13,claude_sonnet_4_6,51,True,
13,claude_sonnet_4_6,52,True,
13,claude_sonnet_4_6,53,True,
13,claude_sonnet_4_6,54,True,
13,claude_sonnet_4_6,55,True,
13,claude_sonnet_4_6,56,True,
13,claude_sonnet_4_6,57,True,
13,claude_sonnet_4_6,58,True,
13,claude_sonnet_4_6,59,True,
13,claude_sonnet_4_6,60,True,
13,claude_sonnet_4_6,61,True,
13,claude_sonnet_4_6,62,True,
13,claude_sonnet_4_6,63,True,
13,claude_sonnet_4_6,64,True,
13,claude_sonnet_4_6,65,True,
13,claude_sonnet_4_6,66,True,
13,claude_sonnet_4_6,67,True,
13,claude_sonnet_4_6,68,True,
13,claude_sonnet_4_6,69,True,
13,claude_sonnet_4_6,70,True,
13,claude_sonnet_4_6,71,True,
14,claude_sonnet_4_6,1,True,
14,claude_sonnet_4_6,2,True,
14,claude_sonnet_4_6,3,True,
14,claude_sonnet_4_6,4,True,
14,claude_sonnet_4_6,5,True,
14,claude_sonnet_4_6,6,True,
14,claude_sonnet_4_6,7,True,
14,claude_sonnet_4_6,8,True,
14,claude_sonnet_4_6,9,True,
14,claude_sonnet_4_6,10,True,
14,claude_sonnet_4_6,11,True,
14,claude_sonnet_4_6,12,True,
14,claude_sonnet_4_6,13,True,
14,claude_sonnet_4_6,14,True,
14,claude_sonnet_4_6,15,True,
14,claude_sonnet_4_6,16,True,
14,claude_sonnet_4_6,17,True,
14,claude_sonnet_4_6,18,True,
14,claude_sonnet_4_6,19,True,
14,claude_sonnet_4_6,20,True,
14,claude_sonnet_4_6,21,True,
14,claude_sonnet_4_6,22,True,
14,claude_sonnet_4_6,23,True,
14,claude_sonnet_4_6,24,True,
14,claude_sonnet_4_6,25,True,
14,claude_sonnet_4_6,26,True,
14,claude_sonnet_4_6,27,True,
14,claude_sonnet_4_6,28,True,
14,claude_sonnet_4_6,29,True,
14,claude_sonnet_4_6,30,True,
14,claude_sonnet_4_6,31,True,
14,claude_sonnet_4_6,32,True,
14,claude_sonnet_4_6,33,True,
14,claude_sonnet_4_6,34,True,
14,claude_sonnet_4_6,35,True,
14,claude_sonnet_4_6,36,True,
14,claude_sonnet_4_6,37,True,
14,claude_sonnet_4_6,38,True,
14,claude_sonnet_4_6,39,True,
14,claude_sonnet_4_6,40,True,
14,claude_sonnet_4_6,41,True,
14,claude_sonnet_4_6,42,True,
14,claude_sonnet_4_6,43,True,
14,claude_sonnet_4_6,44,True,
14,claude_sonnet_4_6,45,True,
14,claude_sonnet_4_6,46,True,
14,claude_sonnet_4_6,47,True,
14,claude_sonnet_4_6,48,True,
14,claude_sonnet_4_6,49,True,
14,claude_sonnet_4_6,50,True,
14,claude_sonnet_4_6,51,True,
14,claude_sonnet_4_6,52,True,
14,claude_sonnet_4_6,53,True,
14,claude_sonnet_4_6,54,True,
14,claude_sonnet_4_6,55,True,
14,claude_sonnet_4_6,56,True,
14,claude_sonnet_4_6,57,True,
14,claude_sonnet_4_6,58,True,
14,claude_sonnet_4_6,59,True,
14,claude_sonnet_4_6,60,True,
14,claude_sonnet_4_6,61,True,
14,claude_sonnet_4_6,62,True,
14,claude_sonnet_4_6,63,True,
14,claude_sonnet_4_6,64,True,
14,claude_sonnet_4_6,65,True,
14,claude_sonnet_4_6,66,True,
14,claude_sonnet_4_6,67,True,
14,claude_sonnet_4_6,68,True,
14,claude_sonnet_4_6,69,True,
15,claude_sonnet_4_6,1,True,
15,claude_sonnet_4_6,2,True,
15,claude_sonnet_4_6,3,True,
15,claude_sonnet_4_6,4,True,
15,claude_sonnet_4_6,5,True,
15,claude_sonnet_4_6,6,True,
15,claude_sonnet_4_6,7,True,
15,claude_sonnet_4_6,8,True,
15,claude_sonnet_4_6,9,True,
15,claude_sonnet_4_6,10,True,
15,claude_sonnet_4_6,11,True,
15,claude_sonnet_4_6,12,True,
15,claude_sonnet_4_6,13,True,
15,claude_sonnet_4_6,14,True,
15,claude_sonnet_4_6,15,True,
15,claude_sonnet_4_6,16,True,
15,claude_sonnet_4_6,17,True,
15,claude_sonnet_4_6,18,True,
15,claude_sonnet_4_6,19,True,
15,claude_sonnet_4_6,20,True,
15,claude_sonnet_4_6,21,True,
15,claude_sonnet_4_6,22,True,
15,claude_sonnet_4_6,23,True,
15,claude_sonnet_4_6,24,True,
15,claude_sonnet_4_6,25,True,
15,claude_sonnet_4_6,26,True,
15,claude_sonnet_4_6,27,True,
15,claude_sonnet_4_6,28,True,
15,claude_sonnet_4_6,29,True,
15,claude_sonnet_4_6,30,True,
15,claude_sonnet_4_6,31,True,
15,claude_sonnet_4_6,32,True,
15,claude_sonnet_4_6,33,True,
15,claude_sonnet_4_6,34,True,
15,claude_sonnet_4_6,35,True,
15,claude_sonnet_4_6,36,True,
15,claude_sonnet_4_6,37,True,
15,claude_sonnet_4_6,38,True,
15,claude_sonnet_4_6,39,True,
15,claude_sonnet_4_6,40,True,
15,claude_sonnet_4_6,41,True,
15,claude_sonnet_4_6,42,True,
15,claude_sonnet_4_6,43,True,
15,claude_sonnet_4_6,44,True,
15,claude_sonnet_4_6,45,True,
15,claude_sonnet_4_6,46,True,
15,claude_sonnet_4_6,47,True,
15,claude_sonnet_4_6,48,True,
15,claude_sonnet_4_6,49,True,
15,claude_sonnet_4_6,50,True,
15,claude_sonnet_4_6,51,True,
15,claude_sonnet_4_6,52,True,
15,claude_sonnet_4_6,53,True,
15,claude_sonnet_4_6,54,True,
15,claude_sonnet_4_6,55,True,
15,claude_sonnet_4_6,56,True,
15,claude_sonnet_4_6,57,True,
15,claude_sonnet_4_6,58,True,
15,claude_sonnet_4_6,59,True,
15,claude_sonnet_4_6,60,True,
15,claude_sonnet_4_6,61,True,
15,claude_sonnet_4_6,62,True,
15,claude_sonnet_4_6,63,True,
15,claude_sonnet_4_6,64,True,
15,claude_sonnet_4_6,65,True,
15,claude_sonnet_4_6,66,True,
15,claude_sonnet_4_6,67,True,
15,claude_sonnet_4_6,68,True,
15,claude_sonnet_4_6,69,True,
15,claude_sonnet_4_6,70,True,
15,claude_sonnet_4_6,71,True,
15,claude_sonnet_4_6,72,True,
15,claude_sonnet_4_6,73,True,
15,claude_sonnet_4_6,74,True,
15,claude_sonnet_4_6,75,True,
15,claude_sonnet_4_6,76,True,
15,claude_sonnet_4_6,77,True,
15,claude_sonnet_4_6,78,True,
15,claude_sonnet_4_6,79,True,
15,claude_sonnet_4_6,80,True,
15,claude_sonnet_4_6,81,True,
15,claude_sonnet_4_6,82,True,
15,claude_sonnet_4_6,83,True,
15,claude_sonnet_4_6,84,True,
15,claude_sonnet_4_6,85,True,
15,claude_sonnet_4_6,86,True,
15,claude_sonnet_4_6,87,True,
15,claude_sonnet_4_6,88,True,
15,claude_sonnet_4_6,89,True,
15,claude_sonnet_4_6,90,True,
15,claude_sonnet_4_6,91,True,
15,claude_sonnet_4_6,92,True,
15,claude_sonnet_4_6,93,True,
15,claude_sonnet_4_6,94,True,
15,claude_sonnet_4_6,95,True,
15,claude_sonnet_4_6,96,True,
15,claude_sonnet_4_6,97,True,
15,claude_sonnet_4_6,98,True,
15,claude_sonnet_4_6,99,True,
15,claude_sonnet_4_6,100,True,
15,claude_sonnet_4_6,101,True,
15,claude_sonnet_4_6,102,True,
15,claude_sonnet_4_6,103,True,
15,claude_sonnet_4_6,104,True,
15,claude_sonnet_4_6,105,True,
15,claude_sonnet_4_6,106,True,
15,claude_sonnet_4_6,107,True,
15,claude_sonnet_4_6,108,True,
15,claude_sonnet_4_6,109,True,
15,claude_sonnet_4_6,110,True,
15,claude_sonnet_4_6,111,True,
15,claude_sonnet_4_6,112,True,
15,claude_sonnet_4_6,113,True,
15,claude_sonnet_4_6,114,True,
15,claude_sonnet_4_6,115,True,
15,claude_sonnet_4_6,116,True,
15,claude_sonnet_4_6,117,True,
15,claude_sonnet_4_6,118,True,
15,claude_sonnet_4_6,119,True,
15,claude_sonnet_4_6,120,True,
15,claude_sonnet_4_6,121,True,
15,claude_sonnet_4_6,122,True,
15,claude_sonnet_4_6,123,True,
15,claude_sonnet_4_6,124,True,
15,claude_sonnet_4_6,125,True,
15,claude_sonnet_4_6,126,True,
15,claude_sonnet_4_6,127,True,
15,claude_sonnet_4_6,128,True,
15,claude_sonnet_4_6,129,True,
15,claude_sonnet_4_6,130,True,
15,claude_sonnet_4_6,131,True,
15,claude_sonnet_4_6,132,True,
15,claude_sonnet_4_6,133,True,
15,claude_sonnet_4_6,134,True,
15,claude_sonnet_4_6,135,True,
15,claude_sonnet_4_6,136,True,
15,claude_sonnet_4_6,137,True,
15,claude_sonnet_4_6,138,True,
15,claude_sonnet_4_6,139,True,
15,claude_sonnet_4_6,140,True,
15,claude_sonnet_4_6,141,True,
15,claude_sonnet_4_6,142,True,
15,claude_sonnet_4_6,143,True,
15,claude_sonnet_4_6,144,True,
15,claude_sonnet_4_6,145,True,
15,claude_sonnet_4_6,146,True,
15,claude_sonnet_4_6,147,True,
15,claude_sonnet_4_6,148,True,
15,claude_sonnet_4_6,149,True,
15,claude_sonnet_4_6,150,True,
15,claude_sonnet_4_6,151,True,
15,claude_sonnet_4_6,152,True,
15,claude_sonnet_4_6,153,True,
15,claude_sonnet_4_6,154,True,
15,claude_sonnet_4_6,155,True,
15,claude_sonnet_4_6,156,True,
15,claude_sonnet_4_6,157,True,
15,claude_sonnet_4_6,158,True,
15,claude_sonnet_4_6,159,True,
16,claude_sonnet_4_6,1,True,
16,claude_sonnet_4_6,2,True,
16,claude_sonnet_4_6,3,True,
16,claude_sonnet_4_6,4,True,
16,claude_sonnet_4_6,5,True,
16,claude_sonnet_4_6,6,True,
16,claude_sonnet_4_6,7,True,
16,claude_sonnet_4_6,8,True,
16,claude_sonnet_4_6,9,True,
16,claude_sonnet_4_6,10,True,
16,claude_sonnet_4_6,11,True,
16,claude_sonnet_4_6,12,True,
16,claude_sonnet_4_6,13,True,
16,claude_sonnet_4_6,14,True,
16,claude_sonnet_4_6,15,True,
16,claude_sonnet_4_6,16,True,
16,claude_sonnet_4_6,17,True,
16,claude_sonnet_4_6,18,True,
16,claude_sonnet_4_6,19,True,
16,claude_sonnet_4_6,20,True,
16,claude_sonnet_4_6,21,True,
16,claude_sonnet_4_6,22,True,
16,claude_sonnet_4_6,23,True,
16,claude_sonnet_4_6,24,True,
16,claude_sonnet_4_6,25,True,
16,claude_sonnet_4_6,26,True,
16,claude_sonnet_4_6,27,True,
16,claude_sonnet_4_6,28,True,
16,claude_sonnet_4_6,29,True,
16,claude_sonnet_4_6,30,True,
16,claude_sonnet_4_6,31,True,
16,claude_sonnet_4_6,32,True,
16,claude_sonnet_4_6,33,True,
16,claude_sonnet_4_6,34,True,
16,claude_sonnet_4_6,35,True,
16,claude_sonnet_4_6,36,True,
16,claude_sonnet_4_6,37,True,
16,claude_sonnet_4_6,38,True,
16,claude_sonnet_4_6,39,True,
16,claude_sonnet_4_6,40,True,
16,claude_sonnet_4_6,41,True,
16,claude_sonnet_4_6,42,True,
16,claude_sonnet_4_6,43,True,
16,claude_sonnet_4_6,44,True,
16,claude_sonnet_4_6,45,True,
16,claude_sonnet_4_6,46,True,
16,claude_sonnet_4_6,47,True,
16,claude_sonnet_4_6,48,True,
16,claude_sonnet_4_6,49,True,
16,claude_sonnet_4_6,50,True,
16,claude_sonnet_4_6,51,True,
16,claude_sonnet_4_6,52,True,
16,claude_sonnet_4_6,53,True,
16,claude_sonnet_4_6,54,True,
16,claude_sonnet_4_6,55,True,
16,claude_sonnet_4_6,56,True,
16,claude_sonnet_4_6,57,True,
16,claude_sonnet_4_6,58,True,
16,claude_sonnet_4_6,59,True,
16,claude_sonnet_4_6,60,True,
16,claude_sonnet_4_6,61,True,
16,claude_sonnet_4_6,62,True,
16,claude_sonnet_4_6,63,True,
16,claude_sonnet_4_6,64,True,
16,claude_sonnet_4_6,65,True,
16,claude_sonnet_4_6,66,True,
16,claude_sonnet_4_6,67,True,
16,claude_sonnet_4_6,68,True,
16,claude_sonnet_4_6,69,True,
17,claude_sonnet_4_6,1,True,
17,claude_sonnet_4_6,2,True,
17,claude_sonnet_4_6,3,True,
17,claude_sonnet_4_6,4,True,
17,claude_sonnet_4_6,5,True,
17,claude_sonnet_4_6,6,True,
17,claude_sonnet_4_6,7,True,
17,claude_sonnet_4_6,8,True,
17,claude_sonnet_4_6,9,True,
17,claude_sonnet_4_6,10,True,
17,claude_sonnet_4_6,11,True,
17,claude_sonnet_4_6,12,True,
17,claude_sonnet_4_6,13,True,
17,claude_sonnet_4_6,14,True,
17,claude_sonnet_4_6,15,True,
17,claude_sonnet_4_6,16,True,
17,claude_sonnet_4_6,17,True,
17,claude_sonnet_4_6,18,True,
17,claude_sonnet_4_6,19,True,
17,claude_sonnet_4_6,20,True,
17,claude_sonnet_4_6,21,True,
17,claude_sonnet_4_6,22,True,
17,claude_sonnet_4_6,23,True,
17,claude_sonnet_4_6,24,True,
17,claude_sonnet_4_6,25,True,
17,claude_sonnet_4_6,26,True,
17,claude_sonnet_4_6,27,True,
17,claude_sonnet_4_6,28,True,
17,claude_sonnet_4_6,29,True,
17,claude_sonnet_4_6,30,True,
17,claude_sonnet_4_6,31,True,
17,claude_sonnet_4_6,32,True,
17,claude_sonnet_4_6,33,True,
17,claude_sonnet_4_6,34,True,
17,claude_sonnet_4_6,35,True,
17,claude_sonnet_4_6,36,True,
17,claude_sonnet_4_6,37,True,
17,claude_sonnet_4_6,38,True,
17,claude_sonnet_4_6,39,True,
17,claude_sonnet_4_6,40,True,
17,claude_sonnet_4_6,41,True,
17,claude_sonnet_4_6,42,True,
17,claude_sonnet_4_6,43,True,
17,claude_sonnet_4_6,44,True,
17,claude_sonnet_4_6,45,True,
17,claude_sonnet_4_6,46,True,
17,claude_sonnet_4_6,47,True,
17,claude_sonnet_4_6,48,True,
17,claude_sonnet_4_6,49,True,
17,claude_sonnet_4_6,50,True,
17,claude_sonnet_4_6,51,True,
17,claude_sonnet_4_6,52,True,
17,claude_sonnet_4_6,53,True,
17,claude_sonnet_4_6,54,True,
17,claude_sonnet_4_6,55,True,
17,claude_sonnet_4_6,56,True,
17,claude_sonnet_4_6,57,True,
17,claude_sonnet_4_6,58,True,
17,claude_sonnet_4_6,59,True,
17,claude_sonnet_4_6,60,True,
17,claude_sonnet_4_6,61,True,
17,claude_sonnet_4_6,62,True,
17,claude_sonnet_4_6,63,True,
17,claude_sonnet_4_6,64,True,
17,claude_sonnet_4_6,65,True,
17,claude_sonnet_4_6,66,True,
17,claude_sonnet_4_6,67,True,
17,claude_sonnet_4_6,68,True,
17,claude_sonnet_4_6,69,True,
17,claude_sonnet_4_6,70,True,
17,claude_sonnet_4_6,71,True,
17,claude_sonnet_4_6,72,True,
17,claude_sonnet_4_6,73,True,
17,claude_sonnet_4_6,74,True,
17,claude_sonnet_4_6,75,True,
17,claude_sonnet_4_6,76,True,
17,claude_sonnet_4_6,77,True,
17,claude_sonnet_4_6,78,True,
17,claude_sonnet_4_6,79,True,
17,claude_sonnet_4_6,80,True,
17,claude_sonnet_4_6,81,True,
17,claude_sonnet_4_6,82,True,
17,claude_sonnet_4_6,83,True,
17,claude_sonnet_4_6,84,True,
17,claude_sonnet_4_6,85,True,
17,claude_sonnet_4_6,86,True,
17,claude_sonnet_4_6,87,True,
17,claude_sonnet_4_6,88,True,
17,claude_sonnet_4_6,89,True,
17,claude_sonnet_4_6,90,True,
17,claude_sonnet_4_6,91,True,
17,claude_sonnet_4_6,92,True,
17,claude_sonnet_4_6,93,True,
17,claude_sonnet_4_6,94,True,
17,claude_sonnet_4_6,95,True,
17,claude_sonnet_4_6,96,True,
17,claude_sonnet_4_6,97,True,
17,claude_sonnet_4_6,98,True,
17,claude_sonnet_4_6,99,True,
17,claude_sonnet_4_6,100,True,
17,claude_sonnet_4_6,101,True,
17,claude_sonnet_4_6,102,True,
17,claude_sonnet_4_6,103,True,
17,claude_sonnet_4_6,104,True,
17,claude_sonnet_4_6,105,True,
17,claude_sonnet_4_6,106,True,
17,claude_sonnet_4_6,107,True,
17,claude_sonnet_4_6,108,True,
17,claude_sonnet_4_6,109,True,
17,claude_sonnet_4_6,110,True,
17,claude_sonnet_4_6,111,True,
17,claude_sonnet_4_6,112,True,
17,claude_sonnet_4_6,113,True,
17,claude_sonnet_4_6,114,True,
17,claude_sonnet_4_6,115,True,
17,claude_sonnet_4_6,116,True,
17,claude_sonnet_4_6,117,True,
17,claude_sonnet_4_6,118,True,
17,claude_sonnet_4_6,119,True,
17,claude_sonnet_4_6,120,True,
17,claude_sonnet_4_6,121,True,
17,claude_sonnet_4_6,122,True,
18,claude_sonnet_4_6,1,True,
18,claude_sonnet_4_6,2,True,
18,claude_sonnet_4_6,3,True,
18,claude_sonnet_4_6,4,True,
18,claude_sonnet_4_6,5,True,
18,claude_sonnet_4_6,6,True,
18,claude_sonnet_4_6,7,True,
18,claude_sonnet_4_6,8,True,
18,claude_sonnet_4_6,9,True,
18,claude_sonnet_4_6,10,True,
18,claude_sonnet_4_6,11,True,
18,claude_sonnet_4_6,12,True,
18,claude_sonnet_4_6,13,True,
18,claude_sonnet_4_6,14,True,
18,claude_sonnet_4_6,15,True,
18,claude_sonnet_4_6,16,True,
18,claude_sonnet_4_6,17,True,
18,claude_sonnet_4_6,18,True,
18,claude_sonnet_4_6,19,True,
18,claude_sonnet_4_6,20,True,
18,claude_sonnet_4_6,21,True,
18,claude_sonnet_4_6,22,True,
18,claude_sonnet_4_6,23,True,
18,claude_sonnet_4_6,24,True,
18,claude_sonnet_4_6,25,True,
18,claude_sonnet_4_6,26,True,
18,claude_sonnet_4_6,27,True,
18,claude_sonnet_4_6,28,True,
18,claude_sonnet_4_6,29,True,
18,claude_sonnet_4_6,30,True,
18,claude_sonnet_4_6,31,True,
18,claude_sonnet_4_6,32,True,
18,claude_sonnet_4_6,33,True,
18,claude_sonnet_4_6,34,True,
18,claude_sonnet_4_6,35,True,
18,claude_sonnet_4_6,36,True,
18,claude_sonnet_4_6,37,True,
18,claude_sonnet_4_6,38,True,
18,claude_sonnet_4_6,39,True,
18,claude_sonnet_4_6,40,True,
18,claude_sonnet_4_6,41,True,
18,claude_sonnet_4_6,42,True,
18,claude_sonnet_4_6,43,True,
18,claude_sonnet_4_6,44,True,
18,claude_sonnet_4_6,45,True,
18,claude_sonnet_4_6,46,True,
18,claude_sonnet_4_6,47,True,
18,claude_sonnet_4_6,48,True,
18,claude_sonnet_4_6,49,True,
18,claude_sonnet_4_6,50,True,
18,claude_sonnet_4_6,51,True,
18,claude_sonnet_4_6,52,True,
18,claude_sonnet_4_6,53,True,
18,claude_sonnet_4_6,54,True,
18,claude_sonnet_4_6,55,True,
18,claude_sonnet_4_6,56,True,
18,claude_sonnet_4_6,57,True,
18,claude_sonnet_4_6,58,True,
18,claude_sonnet_4_6,59,True,
18,claude_sonnet_4_6,60,True,
18,claude_sonnet_4_6,61,True,
18,claude_sonnet_4_6,62,True,
18,claude_sonnet_4_6,63,True,
18,claude_sonnet_4_6,64,True,
18,claude_sonnet_4_6,65,True,
18,claude_sonnet_4_6,66,True,
18,claude_sonnet_4_6,67,True,
18,claude_sonnet_4_6,68,True,
18,claude_sonnet_4_6,69,True,
18,claude_sonnet_4_6,70,True,
18,claude_sonnet_4_6,71,True,
18,claude_sonnet_4_6,72,True,
18,claude_sonnet_4_6,73,True,
18,claude_sonnet_4_6,74,True,
18,claude_sonnet_4_6,75,True,
18,claude_sonnet_4_6,76,True,
18,claude_sonnet_4_6,77,True,
19,claude_sonnet_4_6,1,True,
19,claude_sonnet_4_6,2,True,
19,claude_sonnet_4_6,3,True,
19,claude_sonnet_4_6,4,True,
19,claude_sonnet_4_6,5,True,
19,claude_sonnet_4_6,6,True,
19,claude_sonnet_4_6,7,True,
19,claude_sonnet_4_6,8,True,
19,claude_sonnet_4_6,9,True,
19,claude_sonnet_4_6,10,True,
19,claude_sonnet_4_6,11,True,
19,claude_sonnet_4_6,12,True,
19,claude_sonnet_4_6,13,True,
19,claude_sonnet_4_6,14,True,
19,claude_sonnet_4_6,15,True,
19,claude_sonnet_4_6,16,True,
19,claude_sonnet_4_6,17,True,
19,claude_sonnet_4_6,18,True,
19,claude_sonnet_4_6,19,True,
19,claude_sonnet_4_6,20,True,
19,claude_sonnet_4_6,21,True,
19,claude_sonnet_4_6,22,True,
19,claude_sonnet_4_6,23,True,
19,claude_sonnet_4_6,24,True,
19,claude_sonnet_4_6,25,True,
19,claude_sonnet_4_6,26,True,
19,claude_sonnet_4_6,27,True,
19,claude_sonnet_4_6,28,True,
19,claude_sonnet_4_6,29,True,
19,claude_sonnet_4_6,30,True,
19,claude_sonnet_4_6,31,True,
19,claude_sonnet_4_6,32,True,
19,claude_sonnet_4_6,33,True,
19,claude_sonnet_4_6,34,True,
19,claude_sonnet_4_6,35,True,
19,claude_sonnet_4_6,36,True,
19,claude_sonnet_4_6,37,True,
19,claude_sonnet_4_6,38,True,
19,claude_sonnet_4_6,39,True,
19,claude_sonnet_4_6,40,True,
19,claude_sonnet_4_6,41,True,
19,claude_sonnet_4_6,42,True,
19,claude_sonnet_4_6,43,True,
19,claude_sonnet_4_6,44,True,
19,claude_sonnet_4_6,45,True,
19,claude_sonnet_4_6,46,True,
19,claude_sonnet_4_6,47,True,
19,claude_sonnet_4_6,48,True,
19,claude_sonnet_4_6,49,True,
19,claude_sonnet_4_6,50,True,
19,claude_sonnet_4_6,51,True,
19,claude_sonnet_4_6,52,True,
19,claude_sonnet_4_6,53,True,
19,claude_sonnet_4_6,54,True,
19,claude_sonnet_4_6,55,True,
19,claude_sonnet_4_6,56,True,
19,claude_sonnet_4_6,57,True,
19,claude_sonnet_4_6,58,True,
19,claude_sonnet_4_6,59,True,
19,claude_sonnet_4_6,60,True,
19,claude_sonnet_4_6,61,True,
19,claude_sonnet_4_6,62,True,
19,claude_sonnet_4_6,63,True,
19,claude_sonnet_4_6,64,True,
19,claude_sonnet_4_6,65,True,
19,claude_sonnet_4_6,66,True,
19,claude_sonnet_4_6,67,True,
19,claude_sonnet_4_6,68,True,
19,claude_sonnet_4_6,69,True,
19,claude_sonnet_4_6,70,True,
19,claude_sonnet_4_6,71,True,
19,claude_sonnet_4_6,72,True,
19,claude_sonnet_4_6,73,True,
19,claude_sonnet_4_6,74,True,
19,claude_sonnet_4_6,75,True,
19,claude_sonnet_4_6,76,True,
19,claude_sonnet_4_6,77,True,
19,claude_sonnet_4_6,78,True,
19,claude_sonnet_4_6,79,True,
19,claude_sonnet_4_6,80,True,
19,claude_sonnet_4_6,81,True,
19,claude_sonnet_4_6,82,True,
19,claude_sonnet_4_6,83,True,
19,claude_sonnet_4_6,84,True,
19,claude_sonnet_4_6,85,True,
19,claude_sonnet_4_6,86,True,
19,claude_sonnet_4_6,87,True,
19,claude_sonnet_4_6,88,True,
19,claude_sonnet_4_6,89,True,
19,claude_sonnet_4_6,90,True,
19,claude_sonnet_4_6,91,True,
19,claude_sonnet_4_6,92,True,
19,claude_sonnet_4_6,93,True,
19,claude_sonnet_4_6,94,True,
19,claude_sonnet_4_6,95,True,
19,claude_sonnet_4_6,96,True,
19,claude_sonnet_4_6,97,True,
19,claude_sonnet_4_6,98,True,
19,claude_sonnet_4_6,99,True,
19,claude_sonnet_4_6,100,True,
19,claude_sonnet_4_6,101,True,
19,claude_sonnet_4_6,102,True,
19,claude_sonnet_4_6,103,True,
19,claude_sonnet_4_6,104,True,
19,claude_sonnet_4_6,105,True,
19,claude_sonnet_4_6,106,True,
19,claude_sonnet_4_6,107,True,
19,claude_sonnet_4_6,108,True,
19,claude_sonnet_4_6,109,True,
19,claude_sonnet_4_6,110,True,
19,claude_sonnet_4_6,111,True,
19,claude_sonnet_4_6,112,True,
19,claude_sonnet_4_6,113,True,
19,claude_sonnet_4_6,114,True,
19,claude_sonnet_4_6,115,True,
19,claude_sonnet_4_6,116,True,
19,claude_sonnet_4_6,117,True,
19,claude_sonnet_4_6,118,True,
19,claude_sonnet_4_6,119,True,
19,claude_sonnet_4_6,120,True,
19,claude_sonnet_4_6,121,True,
19,claude_sonnet_4_6,122,True,
19,claude_sonnet_4_6,123,True,
19,claude_sonnet_4_6,124,True,
19,claude_sonnet_4_6,125,True,
19,claude_sonnet_4_6,126,True,
19,claude_sonnet_4_6,127,True,
19,claude_sonnet_4_6,128,True,
20,claude_sonnet_4_6,1,True,
20,claude_sonnet_4_6,2,True,
20,claude_sonnet_4_6,3,True,
20,claude_sonnet_4_6,4,True,
20,claude_sonnet_4_6,5,True,
20,claude_sonnet_4_6,6,True,
20,claude_sonnet_4_6,7,True,
20,claude_sonnet_4_6,8,True,
20,claude_sonnet_4_6,9,True,
20,claude_sonnet_4_6,10,True,
20,claude_sonnet_4_6,11,True,
20,claude_sonnet_4_6,12,True,
20,claude_sonnet_4_6,13,True,
20,claude_sonnet_4_6,14,True,
20,claude_sonnet_4_6,15,True,
20,claude_sonnet_4_6,16,True,
20,claude_sonnet_4_6,17,True,
20,claude_sonnet_4_6,18,True,
20,claude_sonnet_4_6,19,True,
20,claude_sonnet_4_6,20,False,AssertionError()
20,claude_sonnet_4_6,21,True,
20,claude_sonnet_4_6,22,True,
20,claude_sonnet_4_6,23,True,
20,claude_sonnet_4_6,24,True,
20,claude_sonnet_4_6,25,True,
20,claude_sonnet_4_6,26,True,
20,claude_sonnet_4_6,27,True,
20,claude_sonnet_4_6,28,True,
20,claude_sonnet_4_6,29,True,
20,claude_sonnet_4_6,30,True,
20,claude_sonnet_4_6,31,True,
20,claude_sonnet_4_6,32,True,
20,claude_sonnet_4_6,33,True,
20,claude_sonnet_4_6,34,False,AssertionError()
20,claude_sonnet_4_6,35,True,
20,claude_sonnet_4_6,36,True,
20,claude_sonnet_4_6,37,True,
20,claude_sonnet_4_6,38,True,
20,claude_sonnet_4_6,39,True,
20,claude_sonnet_4_6,40,True,
20,claude_sonnet_4_6,41,True,
20,claude_sonnet_4_6,42,True,
20,claude_sonnet_4_6,43,True,
20,claude_sonnet_4_6,44,True,
20,claude_sonnet_4_6,45,False,AssertionError()
20,claude_sonnet_4_6,46,True,
20,claude_sonnet_4_6,47,True,
20,claude_sonnet_4_6,48,True,
20,claude_sonnet_4_6,49,True,
20,claude_sonnet_4_6,50,True,
20,claude_sonnet_4_6,51,True,
20,claude_sonnet_4_6,52,True,
20,claude_sonnet_4_6,53,True,
20,claude_sonnet_4_6,54,True,
20,claude_sonnet_4_6,55,True,
20,claude_sonnet_4_6,56,True,
20,claude_sonnet_4_6,57,True,
20,claude_sonnet_4_6,58,True,
20,claude_sonnet_4_6,59,True,
20,claude_sonnet_4_6,60,True,
20,claude_sonnet_4_6,61,True,
20,claude_sonnet_4_6,62,True,
20,claude_sonnet_4_6,63,True,
20,claude_sonnet_4_6,64,True,
21,claude_sonnet_4_6,1,True,
21,claude_sonnet_4_6,2,True,
21,claude_sonnet_4_6,3,True,
21,claude_sonnet_4_6,4,True,
21,claude_sonnet_4_6,5,True,
21,claude_sonnet_4_6,6,True,
21,claude_sonnet_4_6,7,True,
21,claude_sonnet_4_6,8,True,
21,claude_sonnet_4_6,9,True,
21,claude_sonnet_4_6,10,True,
21,claude_sonnet_4_6,11,True,
21,claude_sonnet_4_6,12,True,
21,claude_sonnet_4_6,13,True,
21,claude_sonnet_4_6,14,True,
21,claude_sonnet_4_6,15,True,
21,claude_sonnet_4_6,16,True,
21,claude_sonnet_4_6,17,True,
21,claude_sonnet_4_6,18,True,
21,claude_sonnet_4_6,19,True,
21,claude_sonnet_4_6,20,True,
21,claude_sonnet_4_6,21,True,
21,claude_sonnet_4_6,22,True,
21,claude_sonnet_4_6,23,True,
21,claude_sonnet_4_6,24,True,
21,claude_sonnet_4_6,25,True,
21,claude_sonnet_4_6,26,True,
21,claude_sonnet_4_6,27,True,
21,claude_sonnet_4_6,28,True,
21,claude_sonnet_4_6,29,True,
21,claude_sonnet_4_6,30,True,
21,claude_sonnet_4_6,31,True,
21,claude_sonnet_4_6,32,True,
21,claude_sonnet_4_6,33,True,
21,claude_sonnet_4_6,34,True,
21,claude_sonnet_4_6,35,True,
21,claude_sonnet_4_6,36,True,
21,claude_sonnet_4_6,37,True,
21,claude_sonnet_4_6,38,True,
21,claude_sonnet_4_6,39,True,
21,claude_sonnet_4_6,40,True,
21,claude_sonnet_4_6,41,True,
21,claude_sonnet_4_6,42,True,
21,claude_sonnet_4_6,43,True,
21,claude_sonnet_4_6,44,True,
21,claude_sonnet_4_6,45,True,
21,claude_sonnet_4_6,46,True,
21,claude_sonnet_4_6,47,True,
21,claude_sonnet_4_6,48,True,
21,claude_sonnet_4_6,49,True,
21,claude_sonnet_4_6,50,True,
21,claude_sonnet_4_6,51,True,
21,claude_sonnet_4_6,52,True,
21,claude_sonnet_4_6,53,True,
21,claude_sonnet_4_6,54,True,
21,claude_sonnet_4_6,55,True,
21,claude_sonnet_4_6,56,True,
21,claude_sonnet_4_6,57,True,
21,claude_sonnet_4_6,58,True,
21,claude_sonnet_4_6,59,True,
21,claude_sonnet_4_6,60,True,
21,claude_sonnet_4_6,61,True,
21,claude_sonnet_4_6,62,True,
21,claude_sonnet_4_6,63,True,
21,claude_sonnet_4_6,64,True,
21,claude_sonnet_4_6,65,True,
21,claude_sonnet_4_6,66,True,
21,claude_sonnet_4_6,67,True,
21,claude_sonnet_4_6,68,True,
21,claude_sonnet_4_6,69,True,
21,claude_sonnet_4_6,70,True,
21,claude_sonnet_4_6,71,True,
21,claude_sonnet_4_6,72,True,
21,claude_sonnet_4_6,73,True,
21,claude_sonnet_4_6,74,True,
21,claude_sonnet_4_6,75,True,
21,claude_sonnet_4_6,76,True,
21,claude_sonnet_4_6,77,True,
21,claude_sonnet_4_6,78,True,
21,claude_sonnet_4_6,79,True,
21,claude_sonnet_4_6,80,True,
21,claude_sonnet_4_6,81,True,
21,claude_sonnet_4_6,82,True,
21,claude_sonnet_4_6,83,True,
21,claude_sonnet_4_6,84,True,
21,claude_sonnet_4_6,85,True,
21,claude_sonnet_4_6,86,True,
21,claude_sonnet_4_6,87,True,
21,claude_sonnet_4_6,88,True,
21,claude_sonnet_4_6,89,True,
21,claude_sonnet_4_6,90,True,
21,claude_sonnet_4_6,91,True,
21,claude_sonnet_4_6,92,True,
21,claude_sonnet_4_6,93,True,
21,claude_sonnet_4_6,94,True,
21,claude_sonnet_4_6,95,True,
22,claude_sonnet_4_6,1,True,
22,claude_sonnet_4_6,2,True,
22,claude_sonnet_4_6,3,True,
22,claude_sonnet_4_6,4,True,
22,claude_sonnet_4_6,5,True,
22,claude_sonnet_4_6,6,True,
22,claude_sonnet_4_6,7,True,
22,claude_sonnet_4_6,8,True,
22,claude_sonnet_4_6,9,True,
22,claude_sonnet_4_6,10,True,
22,claude_sonnet_4_6,11,True,
22,claude_sonnet_4_6,12,True,
22,claude_sonnet_4_6,13,True,
22,claude_sonnet_4_6,14,True,
22,claude_sonnet_4_6,15,True,
22,claude_sonnet_4_6,16,True,
22,claude_sonnet_4_6,17,True,
22,claude_sonnet_4_6,18,True,
22,claude_sonnet_4_6,19,False,AssertionError()
22,claude_sonnet_4_6,20,True,
22,claude_sonnet_4_6,21,True,
22,claude_sonnet_4_6,22,True,
22,claude_sonnet_4_6,23,True,
22,claude_sonnet_4_6,24,True,
22,claude_sonnet_4_6,25,True,
22,claude_sonnet_4_6,26,True,
22,claude_sonnet_4_6,27,True,
22,claude_sonnet_4_6,28,True,
22,claude_sonnet_4_6,29,True,
22,claude_sonnet_4_6,30,True,
22,claude_sonnet_4_6,31,True,
22,claude_sonnet_4_6,32,True,
22,claude_sonnet_4_6,33,True,
22,claude_sonnet_4_6,34,True,
22,claude_sonnet_4_6,35,False,AssertionError()
22,claude_sonnet_4_6,36,True,
22,claude_sonnet_4_6,37,True,
22,claude_sonnet_4_6,38,False,AssertionError()
22,claude_sonnet_4_6,39,True,
22,claude_sonnet_4_6,40,True,
22,claude_sonnet_4_6,41,True,
22,claude_sonnet_4_6,42,True,
22,claude_sonnet_4_6,43,True,
22,claude_sonnet_4_6,44,True,
22,claude_sonnet_4_6,45,True,
22,claude_sonnet_4_6,46,True,
22,claude_sonnet_4_6,47,True,
22,claude_sonnet_4_6,48,True,
22,claude_sonnet_4_6,49,True,
22,claude_sonnet_4_6,50,True,
22,claude_sonnet_4_6,51,True,
22,claude_sonnet_4_6,52,True,
22,claude_sonnet_4_6,53,True,
22,claude_sonnet_4_6,54,True,
22,claude_sonnet_4_6,55,True,
22,claude_sonnet_4_6,56,True,
22,claude_sonnet_4_6,57,True,
22,claude_sonnet_4_6,58,True,
22,claude_sonnet_4_6,59,True,
22,claude_sonnet_4_6,60,True,
22,claude_sonnet_4_6,61,True,
22,claude_sonnet_4_6,62,True,
22,claude_sonnet_4_6,63,True,
22,claude_sonnet_4_6,64,True,
22,claude_sonnet_4_6,65,True,
22,claude_sonnet_4_6,66,True,
22,claude_sonnet_4_6,67,True,
22,claude_sonnet_4_6,68,True,
22,claude_sonnet_4_6,69,True,
22,claude_sonnet_4_6,70,True,
22,claude_sonnet_4_6,71,True,
22,claude_sonnet_4_6,72,False,AssertionError()
22,claude_sonnet_4_6,73,True,
22,claude_sonnet_4_6,74,True,
22,claude_sonnet_4_6,75,True,
22,claude_sonnet_4_6,76,False,AssertionError()
22,claude_sonnet_4_6,77,True,
22,claude_sonnet_4_6,78,True,
22,claude_sonnet_4_6,79,True,
22,claude_sonnet_4_6,80,True,
22,claude_sonnet_4_6,81,True,
22,claude_sonnet_4_6,82,True,
22,claude_sonnet_4_6,83,True,
22,claude_sonnet_4_6,84,True,
22,claude_sonnet_4_6,85,True,
22,claude_sonnet_4_6,86,True,
22,claude_sonnet_4_6,87,True,
22,claude_sonnet_4_6,88,True,
22,claude_sonnet_4_6,89,True,
22,claude_sonnet_4_6,90,True,
22,claude_sonnet_4_6,91,True,
22,claude_sonnet_4_6,92,True,
22,claude_sonnet_4_6,93,True,
23,claude_sonnet_4_6,1,True,
24,claude_sonnet_4_6,1,True,
24,claude_sonnet_4_6,2,True,
24,claude_sonnet_4_6,3,True,
24,claude_sonnet_4_6,4,True,
24,claude_sonnet_4_6,5,True,
24,claude_sonnet_4_6,6,True,
24,claude_sonnet_4_6,7,True,
24,claude_sonnet_4_6,8,True,
24,claude_sonnet_4_6,9,True,
24,claude_sonnet_4_6,10,True,
24,claude_sonnet_4_6,11,True,
24,claude_sonnet_4_6,12,True,
24,claude_sonnet_4_6,13,True,
24,claude_sonnet_4_6,14,True,
24,claude_sonnet_4_6,15,True,
24,claude_sonnet_4_6,16,True,
24,claude_sonnet_4_6,17,True,
24,claude_sonnet_4_6,18,True,
24,claude_sonnet_4_6,19,True,
24,claude_sonnet_4_6,20,True,
24,claude_sonnet_4_6,21,True,
24,claude_sonnet_4_6,22,True,
24,claude_sonnet_4_6,23,True,
24,claude_sonnet_4_6,24,True,
24,claude_sonnet_4_6,25,True,
24,claude_sonnet_4_6,26,True,
24,claude_sonnet_4_6,27,True,
24,claude_sonnet_4_6,28,True,
24,claude_sonnet_4_6,29,True,
24,claude_sonnet_4_6,30,True,
24,claude_sonnet_4_6,31,True,
24,claude_sonnet_4_6,32,True,
24,claude_sonnet_4_6,33,True,
24,claude_sonnet_4_6,34,True,
24,claude_sonnet_4_6,35,True,
24,claude_sonnet_4_6,36,True,
24,claude_sonnet_4_6,37,True,
24,claude_sonnet_4_6,38,True,
24,claude_sonnet_4_6,39,True,
24,claude_sonnet_4_6,40,True,
24,claude_sonnet_4_6,41,True,
24,claude_sonnet_4_6,42,True,
24,claude_sonnet_4_6,43,True,
24,claude_sonnet_4_6,44,True,
24,claude_sonnet_4_6,45,True,
24,claude_sonnet_4_6,46,True,
24,claude_sonnet_4_6,47,True,
24,claude_sonnet_4_6,48,True,
24,claude_sonnet_4_6,49,True,
24,claude_sonnet_4_6,50,False,AssertionError()
24,claude_sonnet_4_6,51,True,
24,claude_sonnet_4_6,52,True,
24,claude_sonnet_4_6,53,True,
24,claude_sonnet_4_6,54,True,
24,claude_sonnet_4_6,55,True,
24,claude_sonnet_4_6,56,True,
24,claude_sonnet_4_6,57,True,
24,claude_sonnet_4_6,58,True,
24,claude_sonnet_4_6,59,True,
24,claude_sonnet_4_6,60,True,
24,claude_sonnet_4_6,61,True,
24,claude_sonnet_4_6,62,True,
24,claude_sonnet_4_6,63,True,
24,claude_sonnet_4_6,64,True,
24,claude_sonnet_4_6,65,True,
24,claude_sonnet_4_6,66,True,
25,claude_sonnet_4_6,1,True,
25,claude_sonnet_4_6,2,True,
25,claude_sonnet_4_6,3,True,
25,claude_sonnet_4_6,4,True,
25,claude_sonnet_4_6,5,True,
25,claude_sonnet_4_6,6,True,
25,claude_sonnet_4_6,7,True,
25,claude_sonnet_4_6,8,True,
25,claude_sonnet_4_6,9,True,
25,claude_sonnet_4_6,10,True,
25,claude_sonnet_4_6,11,True,
25,claude_sonnet_4_6,12,True,
25,claude_sonnet_4_6,13,True,
25,claude_sonnet_4_6,14,True,
25,claude_sonnet_4_6,15,True,
25,claude_sonnet_4_6,16,True,
25,claude_sonnet_4_6,17,True,
25,claude_sonnet_4_6,18,True,
25,claude_sonnet_4_6,19,True,
25,claude_sonnet_4_6,20,True,
25,claude_sonnet_4_6,21,True,
25,claude_sonnet_4_6,22,True,
25,claude_sonnet_4_6,23,True,
25,claude_sonnet_4_6,24,True,
25,claude_sonnet_4_6,25,True,
25,claude_sonnet_4_6,26,True,
25,claude_sonnet_4_6,27,True,
25,claude_sonnet_4_6,28,True,
25,claude_sonnet_4_6,29,True,
25,claude_sonnet_4_6,30,True,
25,claude_sonnet_4_6,31,True,
25,claude_sonnet_4_6,32,True,
25,claude_sonnet_4_6,33,True,
25,claude_sonnet_4_6,34,True,
25,claude_sonnet_4_6,35,True,
25,claude_sonnet_4_6,36,True,
25,claude_sonnet_4_6,37,True,
25,claude_sonnet_4_6,38,True,
25,claude_sonnet_4_6,39,True,
25,claude_sonnet_4_6,40,True,
25,claude_sonnet_4_6,41,True,
25,claude_sonnet_4_6,42,True,
25,claude_sonnet_4_6,43,True,
25,claude_sonnet_4_6,44,True,
25,claude_sonnet_4_6,45,True,
25,claude_sonnet_4_6,46,True,
25,claude_sonnet_4_6,47,False,AssertionError()
25,claude_sonnet_4_6,48,True,
25,claude_sonnet_4_6,49,True,
25,claude_sonnet_4_6,50,True,
25,claude_sonnet_4_6,51,True,
25,claude_sonnet_4_6,52,True,
25,claude_sonnet_4_6,53,True,
25,claude_sonnet_4_6,54,True,
25,claude_sonnet_4_6,55,True,
25,claude_sonnet_4_6,56,True,
25,claude_sonnet_4_6,57,True,
25,claude_sonnet_4_6,58,True,
25,claude_sonnet_4_6,59,True,
25,claude_sonnet_4_6,60,True,
25,claude_sonnet_4_6,61,True,
25,claude_sonnet_4_6,62,True,
25,claude_sonnet_4_6,63,True,
25,claude_sonnet_4_6,64,True,
25,claude_sonnet_4_6,65,True,
25,claude_sonnet_4_6,66,True,
25,claude_sonnet_4_6,67,True,
25,claude_sonnet_4_6,68,True,
25,claude_sonnet_4_6,69,True,
25,claude_sonnet_4_6,70,True,
25,claude_sonnet_4_6,71,True,
25,claude_sonnet_4_6,72,True,
25,claude_sonnet_4_6,73,True,
25,claude_sonnet_4_6,74,True,
25,claude_sonnet_4_6,75,True,
25,claude_sonnet_4_6,76,True,
25,claude_sonnet_4_6,77,True,
25,claude_sonnet_4_6,78,True,
25,claude_sonnet_4_6,79,True,
25,claude_sonnet_4_6,80,True,
25,claude_sonnet_4_6,81,True,
25,claude_sonnet_4_6,82,True,
25,claude_sonnet_4_6,83,True,
25,claude_sonnet_4_6,84,True,
25,claude_sonnet_4_6,85,True,
25,claude_sonnet_4_6,86,True,
25,claude_sonnet_4_6,87,True,
25,claude_sonnet_4_6,88,True,
25,claude_sonnet_4_6,89,True,
25,claude_sonnet_4_6,90,True,
25,claude_sonnet_4_6,91,True,
25,claude_sonnet_4_6,92,True,
25,claude_sonnet_4_6,93,False,AssertionError()
25,claude_sonnet_4_6,94,True,
25,claude_sonnet_4_6,95,True,
25,claude_sonnet_4_6,96,True,
25,claude_sonnet_4_6,97,True,
25,claude_sonnet_4_6,98,True,
25,claude_sonnet_4_6,99,True,
25,claude_sonnet_4_6,100,True,
25,claude_sonnet_4_6,101,True,
25,claude_sonnet_4_6,102,True,
25,claude_sonnet_4_6,103,True,
25,claude_sonnet_4_6,104,True,
25,claude_sonnet_4_6,105,True,
25,claude_sonnet_4_6,106,True,
25,claude_sonnet_4_6,107,True,
25,claude_sonnet_4_6,108,True,
25,claude_sonnet_4_6,109,True,
25,claude_sonnet_4_6,110,True,
25,claude_sonnet_4_6,111,True,
25,claude_sonnet_4_6,112,True,
25,claude_sonnet_4_6,113,True,
25,claude_sonnet_4_6,114,True,
25,claude_sonnet_4_6,115,True,
25,claude_sonnet_4_6,116,True,
25,claude_sonnet_4_6,117,True,
26,claude_sonnet_4_6,1,True,
26,claude_sonnet_4_6,2,True,
26,claude_sonnet_4_6,3,True,
26,claude_sonnet_4_6,4,True,
26,claude_sonnet_4_6,5,True,
26,claude_sonnet_4_6,6,True,
26,claude_sonnet_4_6,7,True,
26,claude_sonnet_4_6,8,True,
26,claude_sonnet_4_6,9,True,
26,claude_sonnet_4_6,10,True,
26,claude_sonnet_4_6,11,True,
26,claude_sonnet_4_6,12,True,
26,claude_sonnet_4_6,13,True,
26,claude_sonnet_4_6,14,True,
26,claude_sonnet_4_6,15,True,
26,claude_sonnet_4_6,16,True,
26,claude_sonnet_4_6,17,True,
26,claude_sonnet_4_6,18,True,
26,claude_sonnet_4_6,19,True,
26,claude_sonnet_4_6,20,True,
26,claude_sonnet_4_6,21,True,
26,claude_sonnet_4_6,22,True,
26,claude_sonnet_4_6,23,True,
26,claude_sonnet_4_6,24,True,
26,claude_sonnet_4_6,25,True,
26,claude_sonnet_4_6,26,True,
26,claude_sonnet_4_6,27,True,
26,claude_sonnet_4_6,28,True,
26,claude_sonnet_4_6,29,True,
26,claude_sonnet_4_6,30,True,
26,claude_sonnet_4_6,31,True,
26,claude_sonnet_4_6,32,True,
26,claude_sonnet_4_6,33,True,
26,claude_sonnet_4_6,34,True,
26,claude_sonnet_4_6,35,True,
26,claude_sonnet_4_6,36,True,
26,claude_sonnet_4_6,37,True,
26,claude_sonnet_4_6,38,True,
26,claude_sonnet_4_6,39,True,
26,claude_sonnet_4_6,40,True,
26,claude_sonnet_4_6,41,True,
26,claude_sonnet_4_6,42,True,
26,claude_sonnet_4_6,43,True,
26,claude_sonnet_4_6,44,True,
26,claude_sonnet_4_6,45,True,
26,claude_sonnet_4_6,46,True,
26,claude_sonnet_4_6,47,True,
26,claude_sonnet_4_6,48,True,
26,claude_sonnet_4_6,49,True,
26,claude_sonnet_4_6,50,True,
26,claude_sonnet_4_6,51,True,
26,claude_sonnet_4_6,52,True,
26,claude_sonnet_4_6,53,True,
26,claude_sonnet_4_6,54,True,
26,claude_sonnet_4_6,55,True,
26,claude_sonnet_4_6,56,True,
26,claude_sonnet_4_6,57,True,
26,claude_sonnet_4_6,58,True,
26,claude_sonnet_4_6,59,True,
26,claude_sonnet_4_6,60,True,
26,claude_sonnet_4_6,61,True,
26,claude_sonnet_4_6,62,True,
26,claude_sonnet_4_6,63,True,
26,claude_sonnet_4_6,64,True,
26,claude_sonnet_4_6,65,True,
26,claude_sonnet_4_6,66,True,
26,claude_sonnet_4_6,67,True,
27,claude_sonnet_4_6,1,True,
27,claude_sonnet_4_6,2,True,
27,claude_sonnet_4_6,3,True,
27,claude_sonnet_4_6,4,True,
27,claude_sonnet_4_6,5,True,
27,claude_sonnet_4_6,6,True,
27,claude_sonnet_4_6,7,True,
27,claude_sonnet_4_6,8,True,
28,claude_sonnet_4_6,1,True,
28,claude_sonnet_4_6,2,True,
28,claude_sonnet_4_6,3,True,
28,claude_sonnet_4_6,4,True,
28,claude_sonnet_4_6,5,True,
28,claude_sonnet_4_6,6,True,
28,claude_sonnet_4_6,7,True,
28,claude_sonnet_4_6,8,True,
28,claude_sonnet_4_6,9,True,
28,claude_sonnet_4_6,10,True,
28,claude_sonnet_4_6,11,True,
28,claude_sonnet_4_6,12,True,
28,claude_sonnet_4_6,13,True,
28,claude_sonnet_4_6,14,True,
28,claude_sonnet_4_6,15,True,
28,claude_sonnet_4_6,16,True,
28,claude_sonnet_4_6,17,True,
28,claude_sonnet_4_6,18,True,
28,claude_sonnet_4_6,19,True,
28,claude_sonnet_4_6,20,True,
28,claude_sonnet_4_6,21,True,
28,claude_sonnet_4_6,22,True,
28,claude_sonnet_4_6,23,True,
28,claude_sonnet_4_6,24,True,
28,claude_sonnet_4_6,25,True,
28,claude_sonnet_4_6,26,True,
28,claude_sonnet_4_6,27,True,
28,claude_sonnet_4_6,28,True,
28,claude_sonnet_4_6,29,True,
28,claude_sonnet_4_6,30,True,
28,claude_sonnet_4_6,31,True,
28,claude_sonnet_4_6,32,True,
28,claude_sonnet_4_6,33,True,
28,claude_sonnet_4_6,34,True,
28,claude_sonnet_4_6,35,True,
28,claude_sonnet_4_6,36,True,
28,claude_sonnet_4_6,37,True,
28,claude_sonnet_4_6,38,True,
28,claude_sonnet_4_6,39,True,
28,claude_sonnet_4_6,40,True,
28,claude_sonnet_4_6,41,True,
28,claude_sonnet_4_6,42,True,
28,claude_sonnet_4_6,43,True,
28,claude_sonnet_4_6,44,True,
28,claude_sonnet_4_6,45,True,
28,claude_sonnet_4_6,46,True,
28,claude_sonnet_4_6,47,True,
28,claude_sonnet_4_6,48,True,
28,claude_sonnet_4_6,49,True,
28,claude_sonnet_4_6,50,True,
28,claude_sonnet_4_6,51,True,
28,claude_sonnet_4_6,52,True,
28,claude_sonnet_4_6,53,True,
28,claude_sonnet_4_6,54,True,
28,claude_sonnet_4_6,55,True,
28,claude_sonnet_4_6,56,True,
28,claude_sonnet_4_6,57,True,
28,claude_sonnet_4_6,58,True,
28,claude_sonnet_4_6,59,True,
28,claude_sonnet_4_6,60,True,
28,claude_sonnet_4_6,61,True,
28,claude_sonnet_4_6,62,True,
28,claude_sonnet_4_6,63,True,
28,claude_sonnet_4_6,64,True,
28,claude_sonnet_4_6,65,True,
28,claude_sonnet_4_6,66,True,
28,claude_sonnet_4_6,67,True,
28,claude_sonnet_4_6,68,True,
28,claude_sonnet_4_6,69,True,
28,claude_sonnet_4_6,70,True,
28,claude_sonnet_4_6,71,True,
28,claude_sonnet_4_6,72,True,
28,claude_sonnet_4_6,73,True,
28,claude_sonnet_4_6,74,True,
28,claude_sonnet_4_6,75,True,
28,claude_sonnet_4_6,76,True,
28,claude_sonnet_4_6,77,True,
28,claude_sonnet_4_6,78,True,
28,claude_sonnet_4_6,79,True,
28,claude_sonnet_4_6,80,True,
28,claude_sonnet_4_6,81,True,
28,claude_sonnet_4_6,82,True,
28,claude_sonnet_4_6,83,True,
28,claude_sonnet_4_6,84,True,
28,claude_sonnet_4_6,85,True,
28,claude_sonnet_4_6,86,True,
28,claude_sonnet_4_6,87,True,
28,claude_sonnet_4_6,88,True,
28,claude_sonnet_4_6,89,True,
28,claude_sonnet_4_6,90,True,
28,claude_sonnet_4_6,91,True,
28,claude_sonnet_4_6,92,True,
28,claude_sonnet_4_6,93,True,
28,claude_sonnet_4_6,94,True,
28,claude_sonnet_4_6,95,True,
28,claude_sonnet_4_6,96,True,
28,claude_sonnet_4_6,97,True,
28,claude_sonnet_4_6,98,True,
28,claude_sonnet_4_6,99,True,
28,claude_sonnet_4_6,100,True,
29,claude_sonnet_4_6,1,False,"TypeError(""unsupported operand type(s) for ^: 'list' and 'int'"")"
29,claude_sonnet_4_6,2,False,"TypeError(""unsupported operand type(s) for ^: 'list' and 'int'"")"
29,claude_sonnet_4_6,3,False,"TypeError(""unsupported operand type(s) for ^: 'list' and 'int'"")"
29,claude_sonnet_4_6,4,False,"TypeError(""unsupported operand type(s) for ^: 'list' and 'int'"")"
29,claude_sonnet_4_6,5,False,"TypeError(""unsupported operand type(s) for ^: 'list' and 'int'"")"
29,claude_sonnet_4_6,6,False,"TypeError(""unsupported operand type(s) for ^: 'list' and 'int'"")"
29,claude_sonnet_4_6,7,False,"TypeError(""unsupported operand type(s) for ^: 'list' and 'int'"")"
29,claude_sonnet_4_6,8,False,"TypeError(""unsupported operand type(s) for ^: 'list' and 'int'"")"
29,claude_sonnet_4_6,9,False,"TypeError(""unsupported operand type(s) for ^: 'list' and 'int'"")"
29,claude_sonnet_4_6,10,False,"TypeError(""unsupported operand type(s) for ^: 'list' and 'int'"")"
29,claude_sonnet_4_6,11,False,"TypeError(""unsupported operand type(s) for ^: 'list' and 'int'"")"
29,claude_sonnet_4_6,12,False,"TypeError(""unsupported operand type(s) for ^: 'list' and 'int'"")"
29,claude_sonnet_4_6,13,False,"TypeError(""unsupported operand type(s) for ^: 'list' and 'int'"")"
29,claude_sonnet_4_6,14,False,"TypeError(""unsupported operand type(s) for ^: 'list' and 'int'"")"
29,claude_sonnet_4_6,15,False,"TypeError(""unsupported operand type(s) for ^: 'list' and 'int'"")"
29,claude_sonnet_4_6,16,False,"TypeError(""unsupported operand type(s) for ^: 'list' and 'int'"")"
29,claude_sonnet_4_6,17,False,"TypeError(""unsupported operand type(s) for ^: 'list' and 'int'"")"
29,claude_sonnet_4_6,18,False,"TypeError(""unsupported operand type(s) for ^: 'list' and 'int'"")"
29,claude_sonnet_4_6,19,False,"TypeError(""unsupported operand type(s) for ^: 'list' and 'int'"")"
29,claude_sonnet_4_6,20,False,"TypeError(""unsupported operand type(s) for ^: 'list' and 'int'"")"
29,claude_sonnet_4_6,21,False,"TypeError(""unsupported operand type(s) for ^: 'list' and 'int'"")"
29,claude_sonnet_4_6,22,False,"TypeError(""unsupported operand type(s) for ^: 'list' and 'int'"")"
29,claude_sonnet_4_6,23,False,"TypeError(""unsupported operand type(s) for ^: 'list' and 'int'"")"
29,claude_sonnet_4_6,24,False,"TypeError(""unsupported operand type(s) for ^: 'list' and 'int'"")"
29,claude_sonnet_4_6,25,False,"TypeError(""unsupported operand type(s) for ^: 'list' and 'int'"")"
29,claude_sonnet_4_6,26,False,"TypeError(""unsupported operand type(s) for ^: 'list' and 'int'"")"
29,claude_sonnet_4_6,27,False,"TypeError(""unsupported operand type(s) for ^: 'list' and 'int'"")"
29,claude_sonnet_4_6,28,False,"TypeError(""unsupported operand type(s) for ^: 'list' and 'int'"")"
29,claude_sonnet_4_6,29,False,"TypeError(""unsupported operand type(s) for ^: 'list' and 'int'"")"
29,claude_sonnet_4_6,30,False,"TypeError(""unsupported operand type(s) for ^: 'list' and 'int'"")"
29,claude_sonnet_4_6,31,False,"TypeError(""unsupported operand type(s) for ^: 'list' and 'int'"")"
29,claude_sonnet_4_6,32,False,"TypeError(""unsupported operand type(s) for ^: 'list' and 'int'"")"
29,claude_sonnet_4_6,33,False,"TypeError(""unsupported operand type(s) for ^: 'list' and 'int'"")"
29,claude_sonnet_4_6,34,False,"TypeError(""unsupported operand type(s) for ^: 'list' and 'int'"")"
29,claude_sonnet_4_6,35,False,"TypeError(""unsupported operand type(s) for ^: 'list' and 'int'"")"
29,claude_sonnet_4_6,36,False,"TypeError(""unsupported operand type(s) for ^: 'list' and 'int'"")"
29,claude_sonnet_4_6,37,False,"TypeError(""unsupported operand type(s) for ^: 'list' and 'int'"")"
29,claude_sonnet_4_6,38,False,"TypeError(""unsupported operand type(s) for ^: 'list' and 'int'"")"
29,claude_sonnet_4_6,39,False,"TypeError(""unsupported operand type(s) for ^: 'list' and 'int'"")"
29,claude_sonnet_4_6,40,False,"TypeError(""unsupported operand type(s) for ^: 'list' and 'int'"")"
29,claude_sonnet_4_6,41,False,"TypeError(""unsupported operand type(s) for ^: 'list' and 'int'"")"
29,claude_sonnet_4_6,42,False,"TypeError(""unsupported operand type(s) for ^: 'list' and 'int'"")"
29,claude_sonnet_4_6,43,False,"TypeError(""unsupported operand type(s) for ^: 'list' and 'int'"")"
29,claude_sonnet_4_6,44,False,"TypeError(""unsupported operand type(s) for ^: 'list' and 'int'"")"
29,claude_sonnet_4_6,45,False,"TypeError(""unsupported operand type(s) for ^: 'list' and 'int'"")"
29,claude_sonnet_4_6,46,False,"TypeError(""unsupported operand type(s) for ^: 'list' and 'int'"")"
29,claude_sonnet_4_6,47,False,"TypeError(""unsupported operand type(s) for ^: 'list' and 'int'"")"
29,claude_sonnet_4_6,48,False,"TypeError(""unsupported operand type(s) for ^: 'list' and 'int'"")"
29,claude_sonnet_4_6,49,False,"TypeError(""unsupported operand type(s) for ^: 'list' and 'int'"")"
29,claude_sonnet_4_6,50,False,"TypeError(""unsupported operand type(s) for ^: 'list' and 'int'"")"
29,claude_sonnet_4_6,51,False,"TypeError(""unsupported operand type(s) for ^: 'list' and 'int'"")"
29,claude_sonnet_4_6,52,False,"TypeError(""unsupported operand type(s) for ^: 'list' and 'int'"")"
29,claude_sonnet_4_6,53,False,"TypeError(""unsupported operand type(s) for ^: 'list' and 'int'"")"
29,claude_sonnet_4_6,54,False,"TypeError(""unsupported operand type(s) for ^: 'list' and 'int'"")"
29,claude_sonnet_4_6,55,False,"TypeError(""unsupported operand type(s) for ^: 'list' and 'int'"")"
29,claude_sonnet_4_6,56,False,"TypeError(""unsupported operand type(s) for ^: 'list' and 'int'"")"
29,claude_sonnet_4_6,57,False,"TypeError(""unsupported operand type(s) for ^: 'list' and 'int'"")"
29,claude_sonnet_4_6,58,False,"TypeError(""unsupported operand type(s) for ^: 'list' and 'int'"")"
29,claude_sonnet_4_6,59,False,"TypeError(""unsupported operand type(s) for ^: 'list' and 'int'"")"
29,claude_sonnet_4_6,60,False,"TypeError(""unsupported operand type(s) for ^: 'list' and 'int'"")"
29,claude_sonnet_4_6,61,False,"TypeError(""unsupported operand type(s) for ^: 'list' and 'int'"")"
29,claude_sonnet_4_6,62,False,"TypeError(""unsupported operand type(s) for ^: 'list' and 'int'"")"
29,claude_sonnet_4_6,63,False,"TypeError(""unsupported operand type(s) for ^: 'list' and 'int'"")"
29,claude_sonnet_4_6,64,False,"TypeError(""unsupported operand type(s) for ^: 'list' and 'int'"")"
29,claude_sonnet_4_6,65,False,"TypeError(""unsupported operand type(s) for ^: 'list' and 'int'"")"
29,claude_sonnet_4_6,66,False,"TypeError(""unsupported operand type(s) for ^: 'list' and 'int'"")"
29,claude_sonnet_4_6,67,False,"TypeError(""unsupported operand type(s) for ^: 'list' and 'int'"")"
29,claude_sonnet_4_6,68,False,"TypeError(""unsupported operand type(s) for ^: 'list' and 'int'"")"
29,claude_sonnet_4_6,69,False,"TypeError(""unsupported operand type(s) for ^: 'list' and 'int'"")"
29,claude_sonnet_4_6,70,False,"TypeError(""unsupported operand type(s) for ^: 'list' and 'int'"")"
29,claude_sonnet_4_6,71,False,"TypeError(""unsupported operand type(s) for ^: 'list' and 'int'"")"
29,claude_sonnet_4_6,72,False,"TypeError(""unsupported operand type(s) for ^: 'list' and 'int'"")"
29,claude_sonnet_4_6,73,False,"TypeError(""unsupported operand type(s) for ^: 'list' and 'int'"")"
29,claude_sonnet_4_6,74,False,"TypeError(""unsupported operand type(s) for ^: 'list' and 'int'"")"
29,claude_sonnet_4_6,75,False,"TypeError(""unsupported operand type(s) for ^: 'list' and 'int'"")"
29,claude_sonnet_4_6,76,False,"TypeError(""unsupported operand type(s) for ^: 'list' and 'int'"")"
29,claude_sonnet_4_6,77,False,"TypeError(""unsupported operand type(s) for ^: 'list' and 'int'"")"
29,claude_sonnet_4_6,78,False,"TypeError(""unsupported operand type(s) for ^: 'list' and 'int'"")"
29,claude_sonnet_4_6,79,False,"TypeError(""unsupported operand type(s) for ^: 'list' and 'int'"")"
29,claude_sonnet_4_6,80,False,"TypeError(""unsupported operand type(s) for ^: 'list' and 'int'"")"
29,claude_sonnet_4_6,81,False,"TypeError(""unsupported operand type(s) for ^: 'list' and 'int'"")"
29,claude_sonnet_4_6,82,False,"TypeError(""unsupported operand type(s) for ^: 'list' and 'int'"")"
29,claude_sonnet_4_6,83,False,"TypeError(""unsupported operand type(s) for ^: 'list' and 'int'"")"
29,claude_sonnet_4_6,84,False,"TypeError(""unsupported operand type(s) for ^: 'list' and 'int'"")"
29,claude_sonnet_4_6,85,False,"TypeError(""unsupported operand type(s) for ^: 'list' and 'int'"")"
29,claude_sonnet_4_6,86,False,"TypeError(""unsupported operand type(s) for ^: 'list' and 'int'"")"
29,claude_sonnet_4_6,87,False,"TypeError(""unsupported operand type(s) for ^: 'list' and 'int'"")"
29,claude_sonnet_4_6,88,False,"TypeError(""unsupported operand type(s) for ^: 'list' and 'int'"")"
29,claude_sonnet_4_6,89,False,"TypeError(""unsupported operand type(s) for ^: 'list' and 'int'"")"
29,claude_sonnet_4_6,90,False,"TypeError(""unsupported operand type(s) for ^: 'list' and 'int'"")"
29,claude_sonnet_4_6,91,False,"TypeError(""unsupported operand type(s) for ^: 'list' and 'int'"")"
29,claude_sonnet_4_6,92,False,"TypeError(""unsupported operand type(s) for ^: 'list' and 'int'"")"
30,claude_sonnet_4_6,1,True,
30,claude_sonnet_4_6,2,True,
30,claude_sonnet_4_6,3,True,
30,claude_sonnet_4_6,4,True,
30,claude_sonnet_4_6,5,True,
30,claude_sonnet_4_6,6,True,
30,claude_sonnet_4_6,7,True,
30,claude_sonnet_4_6,8,True,
30,claude_sonnet_4_6,9,True,
30,claude_sonnet_4_6,10,True,
30,claude_sonnet_4_6,11,True,
30,claude_sonnet_4_6,12,True,
30,claude_sonnet_4_6,13,True,
30,claude_sonnet_4_6,14,True,
30,claude_sonnet_4_6,15,True,
30,claude_sonnet_4_6,16,True,
30,claude_sonnet_4_6,17,True,
30,claude_sonnet_4_6,18,True,
30,claude_sonnet_4_6,19,True,
30,claude_sonnet_4_6,20,True,
30,claude_sonnet_4_6,21,True,
30,claude_sonnet_4_6,22,True,
30,claude_sonnet_4_6,23,True,
30,claude_sonnet_4_6,24,True,
30,claude_sonnet_4_6,25,True,
30,claude_sonnet_4_6,26,True,
30,claude_sonnet_4_6,27,True,
30,claude_sonnet_4_6,28,True,
30,claude_sonnet_4_6,29,True,
30,claude_sonnet_4_6,30,True,
30,claude_sonnet_4_6,31,True,
30,claude_sonnet_4_6,32,True,
30,claude_sonnet_4_6,33,True,
30,claude_sonnet_4_6,34,True,
30,claude_sonnet_4_6,35,True,
30,claude_sonnet_4_6,36,True,
30,claude_sonnet_4_6,37,True,
30,claude_sonnet_4_6,38,True,
30,claude_sonnet_4_6,39,True,
30,claude_sonnet_4_6,40,True,
30,claude_sonnet_4_6,41,True,
30,claude_sonnet_4_6,42,True,
30,claude_sonnet_4_6,43,True,
30,claude_sonnet_4_6,44,True,
30,claude_sonnet_4_6,45,True,
30,claude_sonnet_4_6,46,True,
30,claude_sonnet_4_6,47,True,
30,claude_sonnet_4_6,48,True,
30,claude_sonnet_4_6,49,True,
30,claude_sonnet_4_6,50,True,
30,claude_sonnet_4_6,51,True,
30,claude_sonnet_4_6,52,True,
30,claude_sonnet_4_6,53,True,
30,claude_sonnet_4_6,54,True,
30,claude_sonnet_4_6,55,True,
30,claude_sonnet_4_6,56,True,
30,claude_sonnet_4_6,57,True,
30,claude_sonnet_4_6,58,True,
30,claude_sonnet_4_6,59,True,
30,claude_sonnet_4_6,60,True,
30,claude_sonnet_4_6,61,True,
30,claude_sonnet_4_6,62,True,
30,claude_sonnet_4_6,63,True,
30,claude_sonnet_4_6,64,True,
30,claude_sonnet_4_6,65,True,
30,claude_sonnet_4_6,66,True,
30,claude_sonnet_4_6,67,True,
30,claude_sonnet_4_6,68,True,
30,claude_sonnet_4_6,69,True,
30,claude_sonnet_4_6,70,True,
30,claude_sonnet_4_6,71,True,
30,claude_sonnet_4_6,72,True,
30,claude_sonnet_4_6,73,True,
30,claude_sonnet_4_6,74,True,
30,claude_sonnet_4_6,75,True,
30,claude_sonnet_4_6,76,True,
30,claude_sonnet_4_6,77,True,
30,claude_sonnet_4_6,78,True,
30,claude_sonnet_4_6,79,True,
30,claude_sonnet_4_6,80,True,
30,claude_sonnet_4_6,81,True,
30,claude_sonnet_4_6,82,True,
30,claude_sonnet_4_6,83,True,
30,claude_sonnet_4_6,84,True,
30,claude_sonnet_4_6,85,True,
30,claude_sonnet_4_6,86,True,
30,claude_sonnet_4_6,87,True,
30,claude_sonnet_4_6,88,True,
30,claude_sonnet_4_6,89,True,
30,claude_sonnet_4_6,90,True,
30,claude_sonnet_4_6,91,True,
30,claude_sonnet_4_6,92,True,
30,claude_sonnet_4_6,93,True,
30,claude_sonnet_4_6,94,True,
30,claude_sonnet_4_6,95,True,
30,claude_sonnet_4_6,96,True,
30,claude_sonnet_4_6,97,True,
30,claude_sonnet_4_6,98,True,
30,claude_sonnet_4_6,99,True,
30,claude_sonnet_4_6,100,True,
30,claude_sonnet_4_6,101,True,
30,claude_sonnet_4_6,102,True,
30,claude_sonnet_4_6,103,True,
30,claude_sonnet_4_6,104,True,
30,claude_sonnet_4_6,105,True,
30,claude_sonnet_4_6,106,True,
30,claude_sonnet_4_6,107,True,
30,claude_sonnet_4_6,108,True,
30,claude_sonnet_4_6,109,True,
30,claude_sonnet_4_6,110,True,
30,claude_sonnet_4_6,111,True,
30,claude_sonnet_4_6,112,True,
30,claude_sonnet_4_6,113,True,
30,claude_sonnet_4_6,114,True,
